	title	annex	thema	primary_dataprovider	extra_dataprovider	decision_policy_manager	date_decision	dataset_status	md_url_as_is	md_url_harmonized
0	CBS gebiedsindelingen	Annex III	Statistische eenheden	Centraal Bureau voor de Statistiek (CBS)		Aangemerkt	19/06/2013	Afgerond	https://nationaalgeoregister.nl/geonetwork/srv/dut/catalog.search;jsessionid=E945E7681D455B9998DF3E55B7B87820#/metadata/effe1ab0-073d-437c-af13-df5c5e07d6cd	https://nationaalgeoregister.nl/geonetwork/srv/dut/catalog.search;jsessionid=E945E7681D455B9998DF3E55B7B87820#/metadata/10d1153e-778f-4995-9b6c-7c69b196cccb
1	Bestand Bodemgebruik	Annex III	Landgebruik	Centraal Bureau voor de Statistiek (CBS)		Aangemerkt	19/06/2013	Afgerond	https://nationaalgeoregister.nl/geonetwork/srv/dut/catalog.search;jsessionid=E945E7681D455B9998DF3E55B7B87820#/metadata/d9bf1ce1-5197-409e-b19e-340e50afafc4	https://nationaalgeoregister.nl/geonetwork/srv/dut/catalog.search;jsessionid=E945E7681D455B9998DF3E55B7B87820#/metadata/6318009c-7b11-4ab9-9929-735584dfb692
2	Aantal doden en doctoren (per provincie)	Annex III	Menselijke gezondheid en veiligheid	Centraal Bureau voor de Statistiek (CBS)		Aangemerkt	19/06/2013	Afgerond	https://nationaalgeoregister.nl/geonetwork/srv/dut/catalog.search;jsessionid=E945E7681D455B9998DF3E55B7B87820#/metadata/12bb57cd-73e0-41ba-a1e9-6d986b9109d3	https://nationaalgeoregister.nl/geonetwork/srv/dut/catalog.search;jsessionid=E945E7681D455B9998DF3E55B7B87820#/metadata/12bb57cd-73e0-41ba-a1e9-6d986b9109d3
3	Aantal inwoners per vierkanten - 100m	Annex III	Spreiding van de bevolking — demografie	Centraal Bureau voor de Statistiek (CBS)		Aangemerkt	19/06/2013	Afgerond	https://nationaalgeoregister.nl/geonetwork/srv/dut/catalog.search;jsessionid=E945E7681D455B9998DF3E55B7B87820#/metadata/1462bbce-ccd3-4362-83d8-4535ca8f44eb	https://nationaalgeoregister.nl/geonetwork/srv/dut/catalog.search;jsessionid=E945E7681D455B9998DF3E55B7B87820#/metadata/76541ebb-a554-4540-a017-399d4bb4a860
4	Aantal inwoners per vierkanten - 500m	Annex III	Spreiding van de bevolking — demografie	Centraal Bureau voor de Statistiek (CBS)		Aangemerkt	19/06/2013	Afgerond	https://nationaalgeoregister.nl/geonetwork/srv/dut/catalog.search;jsessionid=E945E7681D455B9998DF3E55B7B87820#/metadata/f605a24f-60cd-4c40-94c8-2186aba3ddd0	https://nationaalgeoregister.nl/geonetwork/srv/dut/catalog.search;jsessionid=E945E7681D455B9998DF3E55B7B87820#/metadata/76541ebb-a554-4540-a017-399d4bb4a860
5	Nuts-netwerken	Annex III	Nutsdiensten en overheidsdiensten	Gemeenten		Aangemerkt	28/05/2014	Afgerond		
6	Kadaster en Rijkswaterstaat zijn verantwoordelijk voor de parameters van het RD en NAP	Annex I	Systemen voor verwijzing door middel van coördinaten	Kadaster	Rijkswaterstaat	Aangemerkt	31/03/2010	Afgerond	https://nationaalgeoregister.nl/geonetwork/srv/dut/catalog.search;jsessionid=E945E7681D455B9998DF3E55B7B87820#/metadata/29c17585-e702-463f-a5dc-99d34b17d333	
7	TOP10NL uit Basisregistratie Topografie (BRT)	Annex I	Geografische namen	Kadaster		Aangemerkt	31/03/2010	Afgerond	https://nationaalgeoregister.nl/geonetwork/srv/dut/catalog.search;jsessionid=E945E7681D455B9998DF3E55B7B87820#/metadata/29d5310f-dd0d-45ba-abad-b4ffc6b8785f	https://nationaalgeoregister.nl/geonetwork/srv/dut/catalog.search;jsessionid=E945E7681D455B9998DF3E55B7B87820#/metadata/1a40eb6f-4f33-4e15-a0b1-2d350ad2636e
8	Bestuurlijke grenzen uit Basisregistratie Kadaster (BRK)	Annex I	Administratieve eenheden	Kadaster		Aangemerkt	31/03/2010	Afgerond	https://nationaalgeoregister.nl/geonetwork/srv/dut/catalog.search;jsessionid=E945E7681D455B9998DF3E55B7B87820#/metadata/c5c4a6d6-b850-473c-8ab5-af9c2c550809	https://nationaalgeoregister.nl/geonetwork/srv/dut/catalog.search;jsessionid=E945E7681D455B9998DF3E55B7B87820#/metadata/7dd1fd45-ace5-41e0-93a6-64e3be231717
9	Adressen uit Basisregistratie Adressen  (LV BAG)	Annex I	Adressen	Kadaster		Aangemerkt	31/03/2010	Afgerond	https://nationaalgeoregister.nl/geonetwork/srv/dut/catalog.search;jsessionid=E945E7681D455B9998DF3E55B7B87820#/metadata/aa3b5e6e-7baa-40c0-8972-3353e927ec2f	https://nationaalgeoregister.nl/geonetwork/srv/dut/catalog.search;jsessionid=E945E7681D455B9998DF3E55B7B87820#/metadata/a5f961e9-ebdd-41e2-b8e8-ab33ed340a83
10	Kadastrale percelen uit Basisregistratie Kadaster (BRK)	Annex I	Kadastrale percelen	Kadaster		Aangemerkt	31/03/2010	Afgerond		https://nationaalgeoregister.nl/geonetwork/srv/dut/catalog.search;jsessionid=E945E7681D455B9998DF3E55B7B87820#/metadata/e80ad426-1392-4349-9f80-14dae5f1bf57
11	TOP10NL uit Basisregistratie Topografie (BRT)	Annex I	Hydrografie	Kadaster		Aangemerkt	31/03/2010	Afgerond	https://nationaalgeoregister.nl/geonetwork/srv/dut/catalog.search;jsessionid=E945E7681D455B9998DF3E55B7B87820#/metadata/29d5310f-dd0d-45ba-abad-b4ffc6b8785f	https://nationaalgeoregister.nl/geonetwork/srv/dut/catalog.search;jsessionid=E945E7681D455B9998DF3E55B7B87820#/metadata/1c3afc74-cc34-44b7-938a-963e2350795a
12	TOP10NL uit Basisregistratie Topografie (BRT)	Annex II	Bodemgebruik	Kadaster		Aangemerkt	09/09/2019	Afgerond	https://nationaalgeoregister.nl/geonetwork/srv/dut/catalog.search;jsessionid=E945E7681D455B9998DF3E55B7B87820#/metadata/29d5310f-dd0d-45ba-abad-b4ffc6b8785f	https://nationaalgeoregister.nl/geonetwork/srv/dut/catalog.search;jsessionid=E945E7681D455B9998DF3E55B7B87820#/metadata/1689d1b7-ef22-417a-becd-d8d9a8a90a10
13	Gebouwen uit Basisregistratie Gebouwen (LV BAG) en Basisregistratie Topografie (BRT)	Annex III	Gebouwen	Kadaster		Aangemerkt	19/06/2013	Afgerond	https://nationaalgeoregister.nl/geonetwork/srv/dut/catalog.search;jsessionid=E945E7681D455B9998DF3E55B7B87820#/metadata/aa3b5e6e-7baa-40c0-8972-3353e927ec2f	https://nationaalgeoregister.nl/geonetwork/srv/dut/catalog.search;jsessionid=E945E7681D455B9998DF3E55B7B87820#/metadata/b4ae622c-6201-49d8-bd2e-f7fce9206a1e
14	Ruimtelijke plannen	Annex III	Landgebruik	Kadaster		Aangemerkt	19/06/2013	Afgerond	https://nationaalgeoregister.nl/geonetwork/srv/dut/catalog.search;jsessionid=E945E7681D455B9998DF3E55B7B87820#/metadata/17716ed7-ce0d-4bfd-8868-a398e5578a36	https://nationaalgeoregister.nl/geonetwork/srv/dut/catalog.search;jsessionid=E945E7681D455B9998DF3E55B7B87820#/metadata/17716ed7-ce0d-4bfd-8868-a398e5578a88
15	Nuts-netwerken - Centrale voorziening KLIC-WIN	Annex III	Nutsdiensten en overheidsdiensten	Kadaster		Aangemerkt	05/09/2016	Afgerond		https://nationaalgeoregister.nl/geonetwork/srv/dut/catalog.search;jsessionid=E945E7681D455B9998DF3E55B7B87820#/metadata/b646c62e-f763-4b96-8b87-009abc0102f8
16	Dataset Wet kenbaarheid publiekrechtelijke beperkingen onroerende zaken (WKPB): LV en KR Melding, bevel, beschikking of vordering Wet bodembescherming	Annex III	Gebiedsbeheer, gebieden waar beperkingen gelden, gereguleerde gebieden en rapportage-eenheden	Kadaster		Aangemerkt	19/06/2013	Afgerond	https://nationaalgeoregister.nl/geonetwork/srv/dut/catalog.search;jsessionid=E945E7681D455B9998DF3E55B7B87820#/metadata/e536d943-ecff-4d7a-9500-cc31a263a6af	
17	Dataset Wet kenbaarheid publiekrechtelijke beperkingen onroerende zaken (WKPB): KR Kapverbod op basis van de Boswet	Annex III	Gebiedsbeheer, gebieden waar beperkingen gelden, gereguleerde gebieden en rapportage-eenheden	Kadaster		Aangemerkt	19/06/2013	Afgerond		
18	Dataset Wet kenbaarheid publiekrechtelijke beperkingen onroerende zaken (WKPB): KR Inschrijving Wet geluidshinder	Annex III	Gebiedsbeheer, gebieden waar beperkingen gelden, gereguleerde gebieden en rapportage-eenheden	Kadaster		Aangemerkt	19/06/2013	Afgerond		
19	TOP10NL uit Basisregistratie Topografie (BRT) voor featuretypes Shoreline (MHW), Coastline en IntertidalArea	Annex III	Zeegebieden	Kadaster		Aangemerkt	19/06/2013	Afgerond	https://nationaalgeoregister.nl/geonetwork/srv/dut/catalog.search;jsessionid=E945E7681D455B9998DF3E55B7B87820#/metadata/29d5310f-dd0d-45ba-abad-b4ffc6b8785f	https://nationaalgeoregister.nl/geonetwork/srv/dut/catalog.search;jsessionid=E945E7681D455B9998DF3E55B7B87820#/metadata/791adbe3-772f-42cb-a3be-5a617bcecef0
20	Overheidsdiensten uit het Basisregistratie Handelsregister (NHR)	Annex III	Nutsdiensten en overheidsdiensten	Kamer van Koophandel		Aangemerkt	19/06/2013	Afgerond	https://nationaalgeoregister.nl/geonetwork/srv/dut/catalog.search;jsessionid=E945E7681D455B9998DF3E55B7B87820#/metadata/c935f2ab-9b65-4dc4-94a0-73aeb840a941	
21	Meteorologische meetstations	Annex III	Milieubewakingsvoorzieningen	Koninklijk Nederlands Meteorologisch Instituut (KNMI)		Aangemerkt	19/06/2013	Afgerond		https://nationaalgeoregister.nl/geonetwork/srv/dut/catalog.search;jsessionid=E945E7681D455B9998DF3E55B7B87820#/metadata/329867eb-9929-48c2-9cf8-fbad7bfe8841
22	Aardbevingen	Annex III	Gebieden met natuurrisico's	Koninklijk Nederlands Meteorologisch Instituut (KNMI)		Aangemerkt	19/06/2013	Afgerond		https://nationaalgeoregister.nl/geonetwork/srv/dut/catalog.search;jsessionid=E945E7681D455B9998DF3E55B7B87820#/metadata/3ad44dca-c0b2-4d61-a650-2cba6cce1061
23	Geografische Namen Nat - Nederland	Annex I	Geografische namen	Ministerie van Defensie, Koninklijke Marine, Dienst der Hydrografie		Aangemerkt	19/06/2013	Afgerond		https://nationaalgeoregister.nl/geonetwork/srv/dut/catalog.search;jsessionid=E945E7681D455B9998DF3E55B7B87820#/metadata/1c3450ea-e161-4f50-ad0e-97a36cdd1308
24	Maritieme grenzen - basislijn Noordzee	Annex I	Administratieve eenheden	Ministerie van Defensie, Koninklijke Marine, Dienst der Hydrografie		Aangemerkt	19/06/2013	Afgerond		https://nationaalgeoregister.nl/geonetwork/srv/dut/catalog.search;jsessionid=E945E7681D455B9998DF3E55B7B87820#/metadata/1249746f-c2a6-4639-98f2-251676b3528e
25	Maritieme grenzen - Noordzee	Annex I	Administratieve eenheden	Ministerie van Defensie, Koninklijke Marine, Dienst der Hydrografie		Aangemerkt	19/06/2013	Afgerond		https://nationaalgeoregister.nl/geonetwork/srv/dut/catalog.search;jsessionid=E945E7681D455B9998DF3E55B7B87820#/metadata/dc528841-cb0f-4962-83bc-5c84ca6c4926
26	Zones volgens EU Gemeenschappelijk Visserijbeleid tot 3M en 6M	Annex III	Gebiedsbeheer, gebieden waar beperkingen gelden, gereguleerde gebieden en rapportage-eenheden	Ministerie van Defensie, Koninklijke Marine, Dienst der Hydrografie		Aangemerkt	19/06/2013	Afgerond		https://nationaalgeoregister.nl/geonetwork/srv/dut/catalog.search;jsessionid=E945E7681D455B9998DF3E55B7B87820#/metadata/4617f0e0-6af4-4ac0-9044-31df9d03071c
27	Eemsmonding uit Eems-Dollardverdrag	Annex III	Gebiedsbeheer, gebieden waar beperkingen gelden, gereguleerde gebieden en rapportage-eenheden	Ministerie van Defensie, Koninklijke Marine, Dienst der Hydrografie		Aangemerkt	19/06/2013	Afgerond		https://nationaalgeoregister.nl/geonetwork/srv/dut/catalog.search;jsessionid=E945E7681D455B9998DF3E55B7B87820#/metadata/f44dac86-2228-412f-8355-e56446ca9933
28	Nederlands deel PSSA Waddenzee	Annex III	Gebiedsbeheer, gebieden waar beperkingen gelden, gereguleerde gebieden en rapportage-eenheden	Ministerie van Defensie, Koninklijke Marine, Dienst der Hydrografie		Aangemerkt	19/06/2013	Afgerond		https://nationaalgeoregister.nl/geonetwork/srv/dut/catalog.search;jsessionid=E945E7681D455B9998DF3E55B7B87820#/metadata/f1d27179-36eb-4376-8048-f51d2eb23a09
29	Blokindeling Nederlands Continentaal Plat volgens de Mijnbouwwet en Grensgebied volgens de Aanvullende Overeenkomst bij het Eems-Dollardverdrag	Annex III	Gebiedsbeheer, gebieden waar beperkingen gelden, gereguleerde gebieden en rapportage-eenheden	Ministerie van Defensie, Koninklijke Marine, Dienst der Hydrografie		Aangemerkt	19/06/2013	Afgerond		https://nationaalgeoregister.nl/geonetwork/srv/dut/catalog.search;jsessionid=E945E7681D455B9998DF3E55B7B87820#/metadata/c2225e5d-b46f-4e38-8445-ab10fd40c0dc
30	Natura 2000	Annex I	Beschermde gebieden	Ministerie van Landbouw, Natuur en Voedselkwaliteit		Aangemerkt	31/03/2010	Afgerond	https://nationaalgeoregister.nl/geonetwork/srv/dut/catalog.search;jsessionid=E945E7681D455B9998DF3E55B7B87820#/metadata/8829e5dd-c861-4639-a6c8-fdbb6e3440d2	https://nationaalgeoregister.nl/geonetwork/srv/dut/catalog.search;jsessionid=E945E7681D455B9998DF3E55B7B87820#/metadata/280ed37a-b8d2-4ac5-8567-04d84fad3a41
31	Nationale Parken	Annex I	Beschermde gebieden	Ministerie van Landbouw, Natuur en Voedselkwaliteit		Aangemerkt	31/03/2010	Afgerond	https://nationaalgeoregister.nl/geonetwork/srv/dut/catalog.search;jsessionid=E945E7681D455B9998DF3E55B7B87820#/metadata/4961d305-fbb5-426a-9ba3-53e1ca5f3b18	https://nationaalgeoregister.nl/geonetwork/srv/dut/catalog.search;jsessionid=E945E7681D455B9998DF3E55B7B87820#/metadata/247a1d15-0a67-40ce-85be-1403c08f15a8
32	Wetlands	Annex I	Beschermde gebieden	Ministerie van Landbouw, Natuur en Voedselkwaliteit		Aangemerkt	31/03/2010	Afgerond	https://nationaalgeoregister.nl/geonetwork/srv/dut/catalog.search;jsessionid=E945E7681D455B9998DF3E55B7B87820#/metadata/07d73b60-dfd6-4c54-9c82-9fac70c6c48e	https://nationaalgeoregister.nl/geonetwork/srv/dut/catalog.search;jsessionid=E945E7681D455B9998DF3E55B7B87820#/metadata/19165027-a13a-4c19-9013-ec1fd191019d
33	Landbouwbedrijven	Annex III	Faciliteiten voor landbouw en aquacultuur	Ministerie van Landbouw, Natuur en Voedselkwaliteit		Aangemerkt	19/06/2013	Afgerond	https://nationaalgeoregister.nl/geonetwork/srv/dut/catalog.search;jsessionid=E945E7681D455B9998DF3E55B7B87820#/metadata/0d6ccccc-7cfb-4eaa-8dc5-8b433d19b121	
34	Schelpdierpercelen	Annex III	Faciliteiten voor landbouw en aquacultuur	Ministerie van Landbouw, Natuur en Voedselkwaliteit		Aangemerkt	19/06/2013	Afgerond	https://nationaalgeoregister.nl/geonetwork/srv/dut/catalog.search;jsessionid=E945E7681D455B9998DF3E55B7B87820#/metadata/fe0e1e5f-512f-4bb1-bbf8-4028d3dfa24f	https://nationaalgeoregister.nl/geonetwork/srv/dut/catalog.search;jsessionid=E945E7681D455B9998DF3E55B7B87820#/metadata/c4b4e95a-12d7-4c74-933c-cb267cfe0bcf
35	Mosselzaadinvanginstallaties	Annex III	Faciliteiten voor landbouw en aquacultuur	Ministerie van Landbouw, Natuur en Voedselkwaliteit		Aangemerkt	19/06/2013	Afgerond	https://nationaalgeoregister.nl/geonetwork/srv/dut/catalog.search;jsessionid=E945E7681D455B9998DF3E55B7B87820#/metadata/a04afee4-47d5-45b7-b7a0-a6f86106af11	
36	Habitatrichtlijn verspreidingsgebied van habitattypen	Annex III	Habitats en biotopen	Ministerie van Landbouw, Natuur en Voedselkwaliteit		Aangemerkt	19/06/2013	Afgerond	https://nationaalgeoregister.nl/geonetwork/srv/dut/catalog.search;jsessionid=E945E7681D455B9998DF3E55B7B87820#/metadata/03671a9e-6aaf-464d-be99-9aad25cef9e3	
37	Habitatrichtlijn verspreiding van habitattypen	Annex III	Habitats en biotopen	Ministerie van Landbouw, Natuur en Voedselkwaliteit		Aangemerkt	19/06/2013	Afgerond	https://nationaalgeoregister.nl/geonetwork/srv/dut/catalog.search;jsessionid=E945E7681D455B9998DF3E55B7B87820#/metadata/977e0e94-7aa9-4784-b2da-eaec44adb61b	
38	Mossel- en oesterhabitats	Annex III	Habitats en biotopen	Ministerie van Landbouw, Natuur en Voedselkwaliteit		Aangemerkt	19/06/2013	Afgerond	https://nationaalgeoregister.nl/geonetwork/srv/dut/catalog.search;jsessionid=E945E7681D455B9998DF3E55B7B87820#/metadata/3d59fd06-9aec-4744-91e7-65e119f74569	
39	Habitatrichtlijn verspreiding van soorten	Annex III	Spreiding van soorten	Ministerie van Landbouw, Natuur en Voedselkwaliteit		Aangemerkt	19/06/2013	Afgerond	https://nationaalgeoregister.nl/geonetwork/srv/dut/catalog.search;jsessionid=E945E7681D455B9998DF3E55B7B87820#/metadata/28c4780a-1a44-4376-b283-14a50a481729	
40	Habitatrichtlijn verspreidingsgebied van soorten	Annex III	Spreiding van soorten	Ministerie van Landbouw, Natuur en Voedselkwaliteit		Aangemerkt	19/06/2013	Afgerond	https://nationaalgeoregister.nl/geonetwork/srv/dut/catalog.search;jsessionid=E945E7681D455B9998DF3E55B7B87820#/metadata/f273941e-9c3b-43bc-b886-2d50d0bf9348	
41	Vogelrichtlijn verspreiding van soorten	Annex III	Spreiding van soorten	Ministerie van Landbouw, Natuur en Voedselkwaliteit		Aangemerkt	19/06/2013	Afgerond	https://nationaalgeoregister.nl/geonetwork/srv/dut/catalog.search;jsessionid=E945E7681D455B9998DF3E55B7B87820#/metadata/fcefa13c-44e2-4953-b6d6-1ddceebc57fc	
42	Vogelrichtlijn verspreidingsgebied van soorten	Annex III	Spreiding van soorten	Ministerie van Landbouw, Natuur en Voedselkwaliteit		Aangemerkt	19/06/2013	Afgerond	https://nationaalgeoregister.nl/geonetwork/srv/dut/catalog.search;jsessionid=E945E7681D455B9998DF3E55B7B87820#/metadata/cbeaebc3-815a-48af-a978-0e16892865fc	
43	Ligging industrie en CO2 emissies - Potentiekaart Restwarmte uit {Duurzaam warmte-energie potentieel, WarmteAtlas}	Annex III	Energiebronnen	Ministerie van Economische Zaken en Klimaat		Aangemerkt	19/06/2013	Afgerond	https://nationaalgeoregister.nl/geonetwork/srv/dut/catalog.search;jsessionid=E945E7681D455B9998DF3E55B7B87820#/metadata/d6b85d84-cdb9-4a6e-b799-cf8826e22a94	
44	Potentieel Wind	Annex III	Energiebronnen	Ministerie van Economische Zaken en Klimaat		Aangemerkt	19/06/2013	Afgerond	https://nationaalgeoregister.nl/geonetwork/srv/dut/catalog.search;jsessionid=E945E7681D455B9998DF3E55B7B87820#/metadata/d845cef6-0e23-4212-a951-b69763e39ef0	
45	Luchtvaartinformatie	Annex I	Vervoersnetwerken	Ministerie van Infrastructuur en Waterstaat, Directie Luchtvaart		Aangemerkt	01/01/2011	Afgerond	https://nationaalgeoregister.nl/geonetwork/srv/dut/catalog.search;jsessionid=E945E7681D455B9998DF3E55B7B87820#/metadata/73ec579e-c906-433a-b0b6-d3aa33421558	
46	Natuurnetwerk Nederland (NNN)	Annex I	Beschermde gebieden	Provincies		Aangemerkt	31/03/2010	Afgerond	https://nationaalgeoregister.nl/geonetwork/srv/dut/catalog.search;jsessionid=E945E7681D455B9998DF3E55B7B87820#/metadata/c7d8d77b-8c47-4309-8c58-9b12b086407f	https://nationaalgeoregister.nl/geonetwork/srv/dut/catalog.search;jsessionid=E945E7681D455B9998DF3E55B7B87820#/metadata/c7d8d77b-8c47-4309-8c58-9b12b086407f
47	Provinciaal landschapsbeleid (voorheen Nationale landschappen)	Annex I	Beschermde gebieden	Provincies		Aangemerkt	31/03/2010	Afgerond	https://nationaalgeoregister.nl/geonetwork/srv/dut/catalog.search;jsessionid=E945E7681D455B9998DF3E55B7B87820#/metadata/60a2a7c2-d5b3-4ad5-b562-c448695357fb	https://nationaalgeoregister.nl/geonetwork/srv/dut/catalog.search;jsessionid=E945E7681D455B9998DF3E55B7B87820#/metadata/60a2a7c2-d5b3-4ad5-b562-c448695357fb
48	Wet Ammoniak en Veehouderij gebieden (WAV)	Annex I	Beschermde gebieden	Provincies		Aangemerkt	31/03/2010	Afgerond	https://nationaalgeoregister.nl/geonetwork/srv/dut/catalog.search;jsessionid=E945E7681D455B9998DF3E55B7B87820#/metadata/998ba1dc-f6a6-49a3-a021-51f30d9b1d0e	https://nationaalgeoregister.nl/geonetwork/srv/dut/catalog.search;jsessionid=E945E7681D455B9998DF3E55B7B87820#/metadata/998ba1dc-f6a6-49a3-a021-51f30d9b1d0e
49	Aardkundige waarden	Annex I	Beschermde gebieden	Provincies		Aangemerkt	31/03/2010	Afgerond	https://nationaalgeoregister.nl/geonetwork/srv/dut/catalog.search;jsessionid=E945E7681D455B9998DF3E55B7B87820#/metadata/f002bfc5-7d87-46b6-819e-8415422b65c9	https://nationaalgeoregister.nl/geonetwork/srv/dut/catalog.search;jsessionid=E945E7681D455B9998DF3E55B7B87820#/metadata/f002bfc5-7d87-46b6-819e-8415422b65c9
50	Provinciale monumenten	Annex I	Beschermde gebieden	Provincies		Aangemerkt	31/03/2010	Afgerond	https://nationaalgeoregister.nl/geonetwork/srv/dut/catalog.search;jsessionid=E945E7681D455B9998DF3E55B7B87820#/metadata/ca94a0cb-7561-4a10-a7d6-b840e56c33ff	https://nationaalgeoregister.nl/geonetwork/srv/dut/catalog.search;jsessionid=E945E7681D455B9998DF3E55B7B87820#/metadata/ca94a0cb-7561-4a10-a7d6-b840e56c33ff
51	Stiltegebieden	Annex I	Beschermde gebieden	Provincies		Aangemerkt	19/06/2013	Afgerond	https://nationaalgeoregister.nl/geonetwork/srv/dut/catalog.search;jsessionid=E945E7681D455B9998DF3E55B7B87820#/metadata/cc408b2d-09a6-4b2b-9aa3-b46bfe2f00a5	https://nationaalgeoregister.nl/geonetwork/srv/dut/catalog.search;jsessionid=E945E7681D455B9998DF3E55B7B87820#/metadata/cc408b2d-09a6-4b2b-9aa3-b46bfe2f00a5
52	Zwemwaterkwaliteit (provinciaal en Rijkswateren) uit {Zwemwaterregister}	Annex III	Menselijke gezondheid en veiligheid	Provincies	Rijkswaterstaat	Aangemerkt	19/06/2013	Afgerond	https://nationaalgeoregister.nl/geonetwork/srv/dut/catalog.search;jsessionid=E945E7681D455B9998DF3E55B7B87820#/metadata/df5ee213-e1bd-433b-80f7-4ea20f493ca8	https://nationaalgeoregister.nl/geonetwork/srv/dut/catalog.search;jsessionid=E945E7681D455B9998DF3E55B7B87820#/metadata/df5ee213-e1bd-433b-80f7-4ea20f493ca8
53	Afvalinrichtingen inclusief nucleaire inrichtingen (o.b.v. SBI-codes) uit {Risico Register Gevaarlijke stoffen (RRGS)}	Annex III	Nutsdiensten en overheidsdiensten	Provincies		Aangemerkt	19/06/2013	Afgerond	https://nationaalgeoregister.nl/geonetwork/srv/dut/catalog.search;jsessionid=E945E7681D455B9998DF3E55B7B87820#/metadata/f5f68d51-2ca4-4897-8227-d3938b2b0a7e	
54	Meetnet voor Zwemwaterkwaliteit {Zwemwaterregister}	Annex III	Milieubewakingsvoorzieningen	Provincies		Aangemerkt	19/06/2013	Afgerond	https://nationaalgeoregister.nl/geonetwork/srv/dut/catalog.search;jsessionid=E945E7681D455B9998DF3E55B7B87820#/metadata/fe45c540-e37d-11e4-b571-0800200c9a66	
55	{Landelijk Grondwater Register (LGR)} voor grondwateronttrekkingen	Annex III	Faciliteiten voor productie en industrie	Provincies		Aangemerkt	19/06/2013	Afgerond	https://nationaalgeoregister.nl/geonetwork/srv/dut/catalog.search;jsessionid=E945E7681D455B9998DF3E55B7B87820#/metadata/afc450bd-65b3-4e59-b0fb-619869bf6ada	
56	Productie/industrie-inrichtingen (o.b.v. SBI-codes) uit {Risico Register Gevaarlijke stoffen (RRGS)}	Annex III	Faciliteiten voor productie en industrie	Provincies		Aangemerkt	19/06/2013	Afgerond	https://nationaalgeoregister.nl/geonetwork/srv/dut/catalog.search;jsessionid=E945E7681D455B9998DF3E55B7B87820#/metadata/b6ee58a1-b097-4c6d-8600-eb81efc1468c	https://nationaalgeoregister.nl/geonetwork/srv/dut/catalog.search;jsessionid=E945E7681D455B9998DF3E55B7B87820#/metadata/b6ee58a1-b097-4c6d-8600-eb81efc1468c
57	Zwemwater (provinciaal en Rijkswateren) uit {Zwemwaterregister}	Annex III	Gebiedsbeheer, gebieden waar beperkingen gelden, gereguleerde gebieden en rapportage-eenheden	Provincies	Rijkswaterstaat	Aangemerkt	19/06/2013	Afgerond	https://nationaalgeoregister.nl/geonetwork/srv/dut/catalog.search;jsessionid=E945E7681D455B9998DF3E55B7B87820#/metadata/fe45c540-e37d-11e4-b571-0800200c9a66	https://nationaalgeoregister.nl/geonetwork/srv/dut/catalog.search;jsessionid=E945E7681D455B9998DF3E55B7B87820#/metadata/fe45c540-e37d-11e4-b571-0800200c9a66
58	Grondwaterbeschermingsgebieden	Annex III	Gebiedsbeheer, gebieden waar beperkingen gelden, gereguleerde gebieden en rapportage-eenheden	Provincies		Aangemerkt	19/06/2013	Afgerond	https://nationaalgeoregister.nl/geonetwork/srv/dut/catalog.search;jsessionid=E945E7681D455B9998DF3E55B7B87820#/metadata/666554ed-5106-487d-b4bf-69fbd888a6d7	https://nationaalgeoregister.nl/geonetwork/srv/dut/catalog.search;jsessionid=E945E7681D455B9998DF3E55B7B87820#/metadata/666554ed-5106-487d-b4bf-69fbd888a6d7
59	Begrenzingen van vergunde ontgrondingsgebieden voor zand- en grindwinning	Annex III	Gebiedsbeheer, gebieden waar beperkingen gelden, gereguleerde gebieden en rapportage-eenheden	Provincies		Aangemerkt	19/06/2013	Afgerond	https://nationaalgeoregister.nl/geonetwork/srv/dut/catalog.search;jsessionid=E945E7681D455B9998DF3E55B7B87820#/metadata/58e7dc38-a498-4852-b4ef-908f5baa9056	https://nationaalgeoregister.nl/geonetwork/srv/dut/catalog.search;jsessionid=E945E7681D455B9998DF3E55B7B87820#/metadata/58e7dc38-a498-4852-b4ef-908f5baa9056
60	Geluidszones rondom vliegvelden	Annex III	Gebiedsbeheer, gebieden waar beperkingen gelden, gereguleerde gebieden en rapportage-eenheden	Provincies		Aangemerkt	19/06/2013	Afgerond	https://nationaalgeoregister.nl/geonetwork/srv/dut/catalog.search;jsessionid=E945E7681D455B9998DF3E55B7B87820#/metadata/41023936-009d-48ec-a90d-c966895463c1	https://nationaalgeoregister.nl/geonetwork/srv/dut/catalog.search;jsessionid=E945E7681D455B9998DF3E55B7B87820#/metadata/41023936-009d-48ec-a90d-c966895463c1
61	Natuurbranden	Annex III	Gebieden met natuurrisico's	Provincies		Aangemerkt	01/12/2015	Afgerond	https://nationaalgeoregister.nl/geonetwork/srv/dut/catalog.search;jsessionid=E945E7681D455B9998DF3E55B7B87820#/metadata/88f76a94-ee4d-4e0c-9fde-91b692403e39	
62	Habitattypenkaarten van de Natura2000 gebieden	Annex III	Habitats en biotopen	Provincies	Rijkswaterstaat,Rijksvastgoedbedrijf, Vastgoedbeheer	Aangemerkt	19/06/2013	Afgerond	https://nationaalgeoregister.nl/geonetwork/srv/dut/catalog.search;jsessionid=E945E7681D455B9998DF3E55B7B87820#/metadata/88e2a6fa-b296-4ff4-bc30-fb87e2c1627e	
63	Habitattypenkaarten van de overige gebieden van de provinciale EHS	Annex III	Habitats en biotopen	Provincies		Aangemerkt	19/06/2013	Afgerond		
64	Beperkingen voor Voertuigen	Annex I	Vervoersnetwerken	RDW		Aangemerkt	31/03/2010	Afgerond	https://nationaalgeoregister.nl/geonetwork/srv/dut/catalog.search;jsessionid=E945E7681D455B9998DF3E55B7B87820#/metadata/db1fa1a1-b2f6-4a06-9dd3-780b622043bf	https://nationaalgeoregister.nl/geonetwork/srv/dut/catalog.search;jsessionid=E945E7681D455B9998DF3E55B7B87820#/metadata/fe2f9091-1962-4073-9e3b-3e4aeed488a5
65	Beschermde stads- en dorpsgezichten	Annex I	Beschermde gebieden	Rijksdienst voor het Cultureel Erfgoed		Aangemerkt	31/03/2010	Afgerond	https://nationaalgeoregister.nl/geonetwork/srv/dut/catalog.search;jsessionid=E945E7681D455B9998DF3E55B7B87820#/metadata/4e2ef670-cddd-11dd-ad8b-0800200c9a66	https://nationaalgeoregister.nl/geonetwork/srv/dut/catalog.search;jsessionid=E945E7681D455B9998DF3E55B7B87820#/metadata/493ab81b-75f8-4205-b030-6b2fd9eb4295
66	UNESCO cultureel werelderfgoed	Annex I	Beschermde gebieden	Rijksdienst voor het Cultureel Erfgoed		Aangemerkt	31/03/2010	Afgerond	https://nationaalgeoregister.nl/geonetwork/srv/dut/catalog.search;jsessionid=E945E7681D455B9998DF3E55B7B87820#/metadata/88a3c1ae-902e-4efa-8663-ddd836101929	https://nationaalgeoregister.nl/geonetwork/srv/dut/catalog.search;jsessionid=E945E7681D455B9998DF3E55B7B87820#/metadata/493ab81b-75f8-4205-b030-6b2fd9eb4295
67	Rijksmonumenten	Annex I	Beschermde gebieden	Rijksdienst voor het Cultureel Erfgoed		Aangemerkt	31/03/2010	Afgerond	https://nationaalgeoregister.nl/geonetwork/srv/dut/catalog.search;jsessionid=E945E7681D455B9998DF3E55B7B87820#/metadata/6f84efeb-fc1d-4565-a721-80735ea57dbd	https://nationaalgeoregister.nl/geonetwork/srv/dut/catalog.search;jsessionid=E945E7681D455B9998DF3E55B7B87820#/metadata/493ab81b-75f8-4205-b030-6b2fd9eb4295
68	Volksgezondheidmonitoren (VGZ, JG, GZO)	Annex III	Menselijke gezondheid en veiligheid	Rijksinstituut voor Volksgezondheid en Milieu (RIVM)		Aangemerkt	19/06/2013	Afgerond		
69	Infectieziekten datasets	Annex III	Menselijke gezondheid en veiligheid	Rijksinstituut voor Volksgezondheid en Milieu (RIVM)		Aangemerkt	19/06/2013	Afgerond		
70	Luchtkwaliteit	Annex III	Milieubewakingsvoorzieningen	Rijksinstituut voor Volksgezondheid en Milieu (RIVM)		Aangemerkt	19/06/2013	Afgerond	https://nationaalgeoregister.nl/geonetwork/srv/dut/catalog.search;jsessionid=E945E7681D455B9998DF3E55B7B87820#/metadata/588a4cb1-b442-4ac1-87e4-40401e353166	
71	Grootschalige Concentraties voor Nederland (GCN)	Annex III	Menselijke gezondheid en veiligheid	Rijksinstituut voor Volksgezondheid en Milieu (RIVM)		Aangemerkt	01/12/2015	Afgerond		
72	Drinkwaterkwaliteit na zuivering	Annex III	Menselijke gezondheid en veiligheid	Rijksinstituut voor Volksgezondheid en Milieu (RIVM)		Aangemerkt	19/06/2013	Afgerond	https://nationaalgeoregister.nl/geonetwork/srv/dut/catalog.search;jsessionid=E945E7681D455B9998DF3E55B7B87820#/metadata/32a21114-8694-40ce-ab76-9dcd885c7861	
73	Locaties algemene en academische ziekenhuizen (dataset RIVM)	Annex III	Nutsdiensten en overheidsdiensten	Rijksinstituut voor Volksgezondheid en Milieu (RIVM)		Aangemerkt	19/06/2013	Afgerond	https://nationaalgeoregister.nl/geonetwork/srv/dut/catalog.search;jsessionid=E945E7681D455B9998DF3E55B7B87820#/metadata/d9baa847-4652-4588-abe1-0b050f40f27f	
74	Afvalinrichtingen (o.b.v. SBI-codes) uit E-MJV registratie - Emissies naar het riool vanuit de industrie in 2011	Annex III	Nutsdiensten en overheidsdiensten	Rijksinstituut voor Volksgezondheid en Milieu (RIVM)		Aangemerkt	19/06/2013	Afgerond	https://nationaalgeoregister.nl/geonetwork/srv/dut/catalog.search;jsessionid=E945E7681D455B9998DF3E55B7B87820#/metadata/8b0b02a0-1e1b-4cda-bcfe-6fa0f738e38f	
75	Afvalinrichtingen (o.b.v. SBI-codes) uit E-MJV registratie - Emissies naar lucht en water vanuit de industrie in 2011	Annex III	Nutsdiensten en overheidsdiensten	Rijksinstituut voor Volksgezondheid en Milieu (RIVM)		Aangemerkt	19/06/2013	Afgerond	https://nationaalgeoregister.nl/geonetwork/srv/dut/catalog.search;jsessionid=E945E7681D455B9998DF3E55B7B87820#/metadata/ad6caa40-89ab-47e3-85ab-3f8e32024a71	
76	Afvalinrichtingen (o.b.v. SBI-codes) uit E-MJV registratie - Afgevoerde hoeveelheid afval vanuit de industrie in 2011	Annex III	Nutsdiensten en overheidsdiensten	Rijksinstituut voor Volksgezondheid en Milieu (RIVM)		Aangemerkt	19/06/2013	Afgerond	https://nationaalgeoregister.nl/geonetwork/srv/dut/catalog.search;jsessionid=E945E7681D455B9998DF3E55B7B87820#/metadata/50a2c5e6-c8e7-425d-854e-26f578196bc9	
77	Meetnetten voor lucht - Landelijk Meetnet Luchtkwaliteit	Annex III	Milieubewakingsvoorzieningen	Rijksinstituut voor Volksgezondheid en Milieu (RIVM)		Aangemerkt	19/06/2013	Afgerond	https://nationaalgeoregister.nl/geonetwork/srv/dut/catalog.search;jsessionid=E945E7681D455B9998DF3E55B7B87820#/metadata/588a4cb1-b442-4ac1-87e4-40401e353166	
78	Meetnetten voor straling - Natuurlijke alfa activiteitsconcentratie in lucht Nationaal Meetnet Radioactiviteit	Annex III	Milieubewakingsvoorzieningen	Rijksinstituut voor Volksgezondheid en Milieu (RIVM)		Aangemerkt	19/06/2013	Afgerond	https://nationaalgeoregister.nl/geonetwork/srv/dut/catalog.search;jsessionid=E945E7681D455B9998DF3E55B7B87820#/metadata/e1e99000-ec47-4e9f-84a5-adad24fef0dc	
79	Meetnetten voor straling - Omgevingsdosisequivalenttempo Nationaal Meetnet Radioactiviteit	Annex III	Milieubewakingsvoorzieningen	Rijksinstituut voor Volksgezondheid en Milieu (RIVM)		Aangemerkt	19/06/2013	Afgerond	https://nationaalgeoregister.nl/geonetwork/srv/dut/catalog.search;jsessionid=E945E7681D455B9998DF3E55B7B87820#/metadata/8a4f5c3b-aced-48fd-afb5-f1f1d0ef21d6	
80	Productie/industrie-inrichtingen (o.b.v. SBI-codes) uit E-MJV registratie - Emissies naar het riool vanuit de industrie in 2011	Annex III	Faciliteiten voor productie en industrie	Rijksinstituut voor Volksgezondheid en Milieu (RIVM)		Aangemerkt	19/06/2013	Afgerond	https://nationaalgeoregister.nl/geonetwork/srv/dut/catalog.search;jsessionid=E945E7681D455B9998DF3E55B7B87820#/metadata/8b0b02a0-1e1b-4cda-bcfe-6fa0f738e38f	
81	Productie/industrie-inrichtingen (o.b.v. SBI-codes) uit E-MJV registratie - Emissies naar lucht en water vanuit de industrie in 2011	Annex III	Faciliteiten voor productie en industrie	Rijksinstituut voor Volksgezondheid en Milieu (RIVM)		Aangemerkt	19/06/2013	Afgerond	https://nationaalgeoregister.nl/geonetwork/srv/dut/catalog.search;jsessionid=E945E7681D455B9998DF3E55B7B87820#/metadata/ad6caa40-89ab-47e3-85ab-3f8e32024a71	
82	Productie/industrie-inrichtingen (o.b.v. SBI-codes) uit E-MJV registratie - Afgevoerde hoeveelheid afval vanuit de industrie in 2011	Annex III	Faciliteiten voor productie en industrie	Rijksinstituut voor Volksgezondheid en Milieu (RIVM)		Aangemerkt	19/06/2013	Afgerond	https://nationaalgeoregister.nl/geonetwork/srv/dut/catalog.search;jsessionid=E945E7681D455B9998DF3E55B7B87820#/metadata/50a2c5e6-c8e7-425d-854e-26f578196bc9	
83	Digitaal Topografisch Bestand (DTB)	Annex I	Vervoersnetwerken	Rijkswaterstaat		Aangemerkt	31/03/2010	Afgerond	https://nationaalgeoregister.nl/geonetwork/srv/dut/catalog.search;jsessionid=E945E7681D455B9998DF3E55B7B87820#/metadata/c4b137b8-2317-42c2-aced-204c4216d68d	
84	Vaarweg Netwerk Data Service - bevaarbaarheid	Annex I	Vervoersnetwerken	Rijkswaterstaat		Aangemerkt	31/03/2010	Afgerond	https://nationaalgeoregister.nl/geonetwork/srv/dut/catalog.search;jsessionid=E945E7681D455B9998DF3E55B7B87820#/metadata/831f7bd7-c2ae-4336-bd2f-47ab20d7cdb7	https://nationaalgeoregister.nl/geonetwork/srv/dut/catalog.search;jsessionid=E945E7681D455B9998DF3E55B7B87820#/metadata/cfc800cb-e903-4364-9415-ddd3e0ecf49f
85	Actueel Hoogtebestand Nederland (AHN)	Annex II	Hoogte	Rijkswaterstaat	Waterschappen	Aangemerkt	01/12/2015	Afgerond	https://nationaalgeoregister.nl/geonetwork/srv/dut/catalog.search;jsessionid=E945E7681D455B9998DF3E55B7B87820#/metadata/41daef8b-155e-4608-b49c-c87ea45d931c	https://nationaalgeoregister.nl/geonetwork/srv/dut/catalog.search;jsessionid=E945E7681D455B9998DF3E55B7B87820#/metadata/d0ee9220-8010-4a6c-8f2c-3e78ad1c7dbf
86	Nuts-netwerken	Annex III	Nutsdiensten en overheidsdiensten	Rijkswaterstaat		Aangemerkt	01/12/2015	Afgerond		
87	KRW Monitoringslocaties oppervlaktewaterkwaliteit Nederland EU2015 (Kaderrichtlijn Water)	Annex III	Milieubewakingsvoorzieningen	Rijkswaterstaat		Aangemerkt	19/06/2013	Afgerond	https://nationaalgeoregister.nl/geonetwork/srv/dut/catalog.search;jsessionid=E945E7681D455B9998DF3E55B7B87820#/metadata/891ddc2d-8949-4a45-be96-c65b87c41f13	https://nationaalgeoregister.nl/geonetwork/srv/dut/catalog.search;jsessionid=E945E7681D455B9998DF3E55B7B87820#/metadata/e0851d2e-c9b2-4a5e-a11d-8925a82c3dad
88	KRM Monitoringlocaties (Kaderrichtlijn Mariene Strategie)	Annex III	Milieubewakingsvoorzieningen	Rijkswaterstaat		Aangemerkt	19/06/2013	Afgerond	https://nationaalgeoregister.nl/geonetwork/srv/dut/catalog.search;jsessionid=E945E7681D455B9998DF3E55B7B87820#/metadata/604d241d-6792-4286-bbef-44b2ce5c38c1	
89	Zoetwater kwantiteitsmeetnet via Landelijk Meetnet Water (LMW)	Annex III	Milieubewakingsvoorzieningen	Rijkswaterstaat		Aangemerkt	19/06/2013	Afgerond	https://nationaalgeoregister.nl/geonetwork/srv/dut/catalog.search;jsessionid=E945E7681D455B9998DF3E55B7B87820#/metadata/68ebd5c9-0ea1-4f22-9907-ec4c063cd3e2	
90	Zoutwater kwantiteitsmeetnet via Landelijk Meetnet Water (LMW)	Annex III	Milieubewakingsvoorzieningen	Rijkswaterstaat		Aangemerkt	19/06/2013	Afgerond	https://nationaalgeoregister.nl/geonetwork/srv/dut/catalog.search;jsessionid=E945E7681D455B9998DF3E55B7B87820#/metadata/68ebd5c9-0ea1-4f22-9907-ec4c063cd3e2	
91	KRW Oppervlaktewaterlichamen Nederland EU2015 vlakken (Kaderrichtlijn Water)	Annex III	Gebiedsbeheer, gebieden waar beperkingen gelden, gereguleerde gebieden en rapportage-eenheden	Rijkswaterstaat		Aangemerkt	19/06/2013	Afgerond	https://nationaalgeoregister.nl/geonetwork/srv/dut/catalog.search;jsessionid=E945E7681D455B9998DF3E55B7B87820#/metadata/110f9ec6-4464-462e-9765-83d90cefbead	https://nationaalgeoregister.nl/geonetwork/srv/dut/catalog.search;jsessionid=E945E7681D455B9998DF3E55B7B87820#/metadata/6b574ba3-3b1c-4f29-a631-0f160713d96d
92	KRW Register Beschermd Gebied - Schelpdierwater RWS 2008 (Kaderrichtlijn Water)	Annex III	Gebiedsbeheer, gebieden waar beperkingen gelden, gereguleerde gebieden en rapportage-eenheden	Rijkswaterstaat		Aangemerkt	19/06/2013	Afgerond	https://nationaalgeoregister.nl/geonetwork/srv/dut/catalog.search;jsessionid=E945E7681D455B9998DF3E55B7B87820#/metadata/4783ea4f-6b8c-4600-8af0-516f3556cfe9	https://nationaalgeoregister.nl/geonetwork/srv/dut/catalog.search;jsessionid=E945E7681D455B9998DF3E55B7B87820#/metadata/6b574ba3-3b1c-4f29-a631-0f160713d96d
93	Meetgegevens DONAR met fysische parameters (waterstanden, temperatuur, golven, stroming) en chemische parameters - Actuele waterdata reeksen	Annex III	Oceanografische geografische kenmerken	Rijkswaterstaat		Aangemerkt	19/06/2013	Afgerond	https://nationaalgeoregister.nl/geonetwork/srv/dut/catalog.search;jsessionid=E945E7681D455B9998DF3E55B7B87820#/metadata/cf69ec50-9849-4afd-853c-ee56211d336d	
94	KRM Meetgegevens (bevroren) (Kaderrichtlijn Mariene Strategie)	Annex III	Oceanografische geografische kenmerken	Rijkswaterstaat		Aangemerkt	19/06/2013	Afgerond	https://nationaalgeoregister.nl/geonetwork/srv/dut/catalog.search;jsessionid=E945E7681D455B9998DF3E55B7B87820#/metadata/604d241d-6792-4286-bbef-44b2ce5c38c1	
95	Datasets uit MATROOS (CSM getij model voor waterstand en stroming) - Verwachte waterstanden en afvoeren	Annex III	Oceanografische geografische kenmerken	Rijkswaterstaat		Aangemerkt	19/06/2013	Afgerond	https://nationaalgeoregister.nl/geonetwork/srv/dut/catalog.search;jsessionid=E945E7681D455B9998DF3E55B7B87820#/metadata/25294679-adb9-4c39-a93b-6954ff9414ac	
96	Geologische overzichtskaart uit {DINO}	Annex II	Geologie	TNO Geologische Dienst Nederland		Aangemerkt	19/06/2013	Afgerond	https://nationaalgeoregister.nl/geonetwork/srv/dut/catalog.search;jsessionid=E945E7681D455B9998DF3E55B7B87820#/metadata/bf639059-05de-4ee1-b838-40e9556c25ff	https://nationaalgeoregister.nl/geonetwork/srv/dut/catalog.search;jsessionid=E945E7681D455B9998DF3E55B7B87820#/metadata/80630ee7-3a15-4ea0-bdc0-a8aebfa2f204
97	Dataset koolwaterstoffen uit {DINO}	Annex III	Energiebronnen	TNO Geologische Dienst Nederland		Aangemerkt	19/06/2013	Afgerond		https://nationaalgeoregister.nl/geonetwork/srv/dut/catalog.search;jsessionid=E945E7681D455B9998DF3E55B7B87820#/metadata/b61a773c-ecad-4e60-93e9-0a4caac0b52f
98	Dataset Aardwarmte-potentiekaarten van Nederland uit {DINO}	Annex III	Energiebronnen	TNO Geologische Dienst Nederland		Aangemerkt	19/06/2013	Afgerond	https://nationaalgeoregister.nl/geonetwork/srv/dut/catalog.search;jsessionid=E945E7681D455B9998DF3E55B7B87820#/metadata/4faca709-34cc-4e93-9901-e6cddfede62b	https://nationaalgeoregister.nl/geonetwork/srv/dut/catalog.search;jsessionid=E945E7681D455B9998DF3E55B7B87820#/metadata/11a292bd-9022-4a9f-b1bf-02f5c89ad74a
99	Zoutproductiecijfers uit {DINO}	Annex III	Minerale bronnen	TNO Geologische Dienst Nederland		Aangemerkt	19/06/2013	Afgerond		https://nationaalgeoregister.nl/geonetwork/srv/dut/catalog.search;jsessionid=E945E7681D455B9998DF3E55B7B87820#/metadata/e3b0da1e-0664-4025-b3f5-a54d74a26450
100	Oppervlaktewaterkwaliteit {KRW portaal}	Annex III	Menselijke gezondheid en veiligheid	Waterschappen		Aangemerkt	19/06/2013	Afgerond	https://nationaalgeoregister.nl/geonetwork/srv/dut/catalog.search;jsessionid=E945E7681D455B9998DF3E55B7B87820#/metadata/edf79e6a-d73d-4def-8d22-0f495cc76a73	
101	Nuts-netwerken - Afvalwaterleiding	Annex III	Nutsdiensten en overheidsdiensten	Waterschappen		Aangemerkt	28/05/2014	Afgerond	https://nationaalgeoregister.nl/geonetwork/srv/dut/catalog.search;jsessionid=E945E7681D455B9998DF3E55B7B87820#/metadata/bffcd5d9-02b4-4e7d-991f-a386611cad84	
102	Nuts-netwerken - Elektriciteitskabel	Annex III	Nutsdiensten en overheidsdiensten	Waterschappen		Aangemerkt	28/05/2014	Afgerond	https://nationaalgeoregister.nl/geonetwork/srv/dut/catalog.search;jsessionid=E945E7681D455B9998DF3E55B7B87820#/metadata/bffcd5d9-02b4-4e7d-991f-a386611cad84	
103	Nuts-netwerken - Mangat	Annex III	Nutsdiensten en overheidsdiensten	Waterschappen		Aangemerkt	28/05/2014	Afgerond	https://nationaalgeoregister.nl/geonetwork/srv/dut/catalog.search;jsessionid=E945E7681D455B9998DF3E55B7B87820#/metadata/bffcd5d9-02b4-4e7d-991f-a386611cad84	
104	Nuts-netwerken - Mantelbuis	Annex III	Nutsdiensten en overheidsdiensten	Waterschappen		Aangemerkt	28/05/2014	Afgerond	https://nationaalgeoregister.nl/geonetwork/srv/dut/catalog.search;jsessionid=E945E7681D455B9998DF3E55B7B87820#/metadata/bffcd5d9-02b4-4e7d-991f-a386611cad84	
105	Nuts-netwerken - RWZI's (milieumanagementfaciliteit)	Annex III	Nutsdiensten en overheidsdiensten	Waterschappen		Aangemerkt	19/06/2013	Afgerond	https://nationaalgeoregister.nl/geonetwork/srv/dut/catalog.search;jsessionid=E945E7681D455B9998DF3E55B7B87820#/metadata/bffcd5d9-02b4-4e7d-991f-a386611cad84	
106	KRW Monitoring meetnet oppervlaktewater {KRW-portaal}	Annex III	Milieubewakingsvoorzieningen	Waterschappen		Aangemerkt	19/06/2013	Afgerond	https://nationaalgeoregister.nl/geonetwork/srv/dut/catalog.search;jsessionid=E945E7681D455B9998DF3E55B7B87820#/metadata/891ddc2d-8949-4a45-be96-c65b87c41f13	
107	Nuts-netwerken	Annex III	Nutsdiensten en overheidsdiensten	WION-partijen		Aangemerkt	28/05/2014	Afgerond		
108	Open data beschikbare luchtfoto’s	Annex II	Orthobeeldvorming	Het Waterschapshuis		Aangemerkt	16/02/2017	Afgerond		
109	Potentieel koude uit gesloten WKO systemen	Annex III	Energiebronnen	Ministerie van Economische Zaken en Klimaat		Aangemerkt	04/07/2017	Afgerond	https://nationaalgeoregister.nl/geonetwork/srv/dut/catalog.search;jsessionid=E945E7681D455B9998DF3E55B7B87820#/metadata/dc5b522e-3e14-4738-9e8e-2401e1b19ef2	
110	Potentieel warmte uit gesloten WKO systemen	Annex III	Energiebronnen	Ministerie van Economische Zaken en Klimaat		Aangemerkt	04/07/2017	Afgerond	https://nationaalgeoregister.nl/geonetwork/srv/dut/catalog.search;jsessionid=E945E7681D455B9998DF3E55B7B87820#/metadata/dc5b522e-3e14-4738-9e8e-2401e1b19ef2	
111	Spreiding van Invasieve Exoten (Verordening invasieve uitheemse soorten)	Annex III	Spreiding van soorten	Ministerie van Landbouw, Natuur en Voedselkwaliteit		Aangemerkt	22/02/2018	Afgerond		https://nationaalgeoregister.nl/geonetwork/srv/dut/catalog.search;jsessionid=E945E7681D455B9998DF3E55B7B87820#/metadata/3703b249-a0eb-484e-ba7a-10e31a55bcec
112	Nationaal Beschermde Gebieden (CDDA)	Annex I	Beschermde gebieden	Ministerie van Landbouw, Natuur en Voedselkwaliteit		Aangemerkt	22/02/2018	Afgerond	https://nationaalgeoregister.nl/geonetwork/srv/dut/catalog.search;jsessionid=E945E7681D455B9998DF3E55B7B87820#/metadata/7de447ad-5f8d-43a0-befe-10eb8faa172a	https://nationaalgeoregister.nl/geonetwork/srv/dut/catalog.search;jsessionid=E945E7681D455B9998DF3E55B7B87820#/metadata/3387ef8a-9237-453a-aa4e-585d1e193550
113	TOP10NL (BRT) Vervoersnetwerken - Waterwegen	Annex I	Vervoersnetwerken	Kadaster		Aangemerkt	08/03/2018	Afgerond	https://nationaalgeoregister.nl/geonetwork/srv/dut/catalog.search;jsessionid=E945E7681D455B9998DF3E55B7B87820#/metadata/29d5310f-dd0d-45ba-abad-b4ffc6b8785f	https://nationaalgeoregister.nl/geonetwork/srv/dut/catalog.search;jsessionid=E945E7681D455B9998DF3E55B7B87820#/metadata/5951efa2-1ff3-4763-a966-a2f5497679ee
114	TOP10NL (BRT) Vervoersnetwerken - Wegen	Annex I	Vervoersnetwerken	Kadaster		Aangemerkt	08/03/2018	Afgerond	https://nationaalgeoregister.nl/geonetwork/srv/dut/catalog.search;jsessionid=E945E7681D455B9998DF3E55B7B87820#/metadata/29d5310f-dd0d-45ba-abad-b4ffc6b8785f	https://nationaalgeoregister.nl/geonetwork/srv/dut/catalog.search;jsessionid=E945E7681D455B9998DF3E55B7B87820#/metadata/8f45b8ef-0ce8-463a-9059-5efdcecb785c
115	TOP10NL (BRT) Vervoersnetwerken - Luchttransport	Annex I	Vervoersnetwerken	Kadaster		Aangemerkt	08/03/2018	Afgerond	https://nationaalgeoregister.nl/geonetwork/srv/dut/catalog.search;jsessionid=E945E7681D455B9998DF3E55B7B87820#/metadata/29d5310f-dd0d-45ba-abad-b4ffc6b8785f	https://nationaalgeoregister.nl/geonetwork/srv/dut/catalog.search;jsessionid=E945E7681D455B9998DF3E55B7B87820#/metadata/31de946d-85d4-4c93-bb97-e25f4ef1401a
116	TOP10NL (BRT) Vervoersnetwerken - Spoorwegen	Annex I	Vervoersnetwerken	Kadaster		Aangemerkt	08/03/2018	Afgerond	https://nationaalgeoregister.nl/geonetwork/srv/dut/catalog.search;jsessionid=E945E7681D455B9998DF3E55B7B87820#/metadata/29d5310f-dd0d-45ba-abad-b4ffc6b8785f	https://nationaalgeoregister.nl/geonetwork/srv/dut/catalog.search;jsessionid=E945E7681D455B9998DF3E55B7B87820#/metadata/3a7dd0a6-d130-4c4c-b0ba-24365cf036e2
117	TOP10NL (BRT) Vervoersnetwerken - Kabelbanen	Annex I	Vervoersnetwerken	Kadaster		Aangemerkt	08/03/2018	Afgerond	https://nationaalgeoregister.nl/geonetwork/srv/dut/catalog.search;jsessionid=E945E7681D455B9998DF3E55B7B87820#/metadata/29d5310f-dd0d-45ba-abad-b4ffc6b8785f	https://nationaalgeoregister.nl/geonetwork/srv/dut/catalog.search;jsessionid=E945E7681D455B9998DF3E55B7B87820#/metadata/6c06740d-058f-4a12-bb3f-bf68efd03d09
118	Seismologische meetstations	Annex III	Milieubewakingsvoorzieningen	Koninklijk Nederlands Meteorologisch Instituut (KNMI)		Aangemerkt	28/03/2018	Afgerond		https://nationaalgeoregister.nl/geonetwork/srv/dut/catalog.search;jsessionid=E945E7681D455B9998DF3E55B7B87820#/metadata/7b82accd-c225-430a-b235-adc856422864
119	Potentieel koude uit open WKO systemen	Annex III	Energiebronnen	Ministerie van Economische Zaken en Klimaat		Aangemerkt	18/04/2018	Afgerond	https://nationaalgeoregister.nl/geonetwork/srv/dut/catalog.search;jsessionid=E945E7681D455B9998DF3E55B7B87820#/metadata/dc5b522e-3e14-4738-9e8e-2401e1b19ef2	
120	Luchtkwaliteit zones en agglomeraties	Annex III	Gebiedsbeheer, gebieden waar beperkingen gelden, gereguleerde gebieden en rapportage-eenheden	Rijksinstituut voor Volksgezondheid en Milieu (RIVM)		Aangemerkt	08/03/2018	Afgerond	https://nationaalgeoregister.nl/geonetwork/srv/dut/catalog.search;jsessionid=E945E7681D455B9998DF3E55B7B87820#/metadata/2cc2c30c-91b8-412a-a060-e84d25272581	
121	Monitoring stations (Nitraatrichtlijn) diepe filters	Annex III	Milieubewakingsvoorzieningen	Rijksinstituut voor Volksgezondheid en Milieu (RIVM)		Aangemerkt	08/03/2018	Afgerond	https://nationaalgeoregister.nl/geonetwork/srv/dut/catalog.search;jsessionid=E945E7681D455B9998DF3E55B7B87820#/metadata/36a7e8cb-8300-4602-93d2-135943365a6f	
122	Meetgegevens monitoring stations (Nitraatrichtlijn) diepe filters	Annex III	Menselijke gezondheid en veiligheid	Rijksinstituut voor Volksgezondheid en Milieu (RIVM)		Aangemerkt	08/03/2018	Afgerond	https://nationaalgeoregister.nl/geonetwork/srv/dut/catalog.search;jsessionid=E945E7681D455B9998DF3E55B7B87820#/metadata/36a7e8cb-8300-4602-93d2-135943365a6f	
123	Agglomeraties inclusief bevolkingsaantallen (Richtlijn Omgevingslawaai)	Annex III	Gebiedsbeheer, gebieden waar beperkingen gelden, gereguleerde gebieden en rapportage-eenheden	Ministerie van Infrastructuur en Waterstaat, Directie Duurzame Leefomgeving en Circulaire Economie		Aangemerkt	28/11/2022	Afgerond		
124	KRM Mariene rapportage eenheden Nederland EU2018 (Kaderrichtlijn Mariene Strategie)	Annex III	Gebiedsbeheer, gebieden waar beperkingen gelden, gereguleerde gebieden en rapportage-eenheden	Rijkswaterstaat		Aangemerkt	04/04/2018	Afgerond	https://nationaalgeoregister.nl/geonetwork/srv/dut/catalog.search;jsessionid=E945E7681D455B9998DF3E55B7B87820#/metadata/a33c92d0-e29b-43cb-b681-f942ef597331	https://nationaalgeoregister.nl/geonetwork/srv/dut/catalog.search;jsessionid=E945E7681D455B9998DF3E55B7B87820#/metadata/1bb6e186-633d-4a05-9fdf-b12a2f21fe6m
125	RSA Waterzuiveringsinstallaties EU2015 (Richtlijn Stedelijk Afvalwater)	Annex III	Nutsdiensten en overheidsdiensten	Rijkswaterstaat		Aangemerkt	31/08/2018	Afgerond	https://nationaalgeoregister.nl/geonetwork/srv/dut/catalog.search;jsessionid=E945E7681D455B9998DF3E55B7B87820#/metadata/07d78f5e-f4c4-4c92-b866-94eb2cb38516	https://nationaalgeoregister.nl/geonetwork/srv/dut/catalog.search;jsessionid=E945E7681D455B9998DF3E55B7B87820#/metadata/cefad637-5ffd-4dd0-b475-bc125a11f7ea
126	RSA Lozingspunten EU2015 (Richtlijn Stedelijk Afvalwater)	Annex III	Nutsdiensten en overheidsdiensten	Rijkswaterstaat		Aangemerkt	07/05/2018	Afgerond	https://nationaalgeoregister.nl/geonetwork/srv/dut/catalog.search;jsessionid=E945E7681D455B9998DF3E55B7B87820#/metadata/917b5ba0-9d8e-4758-83fa-28b057f185e2	https://nationaalgeoregister.nl/geonetwork/srv/dut/catalog.search;jsessionid=E945E7681D455B9998DF3E55B7B87820#/metadata/917b5ba0-4fdd-4654-8c18-b3ccdadaa55a
127	RSA Agglomeraties EU2015 (Richtlijn Stedelijk Afvalwater)	Annex III	Gebiedsbeheer, gebieden waar beperkingen gelden, gereguleerde gebieden en rapportage-eenheden	Rijkswaterstaat		Aangemerkt	07/05/2018	Afgerond	https://nationaalgeoregister.nl/geonetwork/srv/dut/catalog.search;jsessionid=E945E7681D455B9998DF3E55B7B87820#/metadata/cc931834-5f9a-4106-a3a3-d5bf553b2675	https://nationaalgeoregister.nl/geonetwork/srv/dut/catalog.search;jsessionid=E945E7681D455B9998DF3E55B7B87820#/metadata/2350b86b-3efd-47e4-883e-519bfa8d0abd
128	Modelgebied (Richtlijn Luchtkwaliteit)	Annex III	Milieubewakingsvoorzieningen	Rijksinstituut voor Volksgezondheid en Milieu (RIVM)		Aangemerkt	28/03/2018	Afgerond		
129	Productie/industrie-inrichtingen (o.b.v. SBI-codes) uit E-MJV registratie - Emissies naar het riool vanuit de industrie in 2015	Annex III	Faciliteiten voor productie en industrie	Rijksinstituut voor Volksgezondheid en Milieu (RIVM)		Aangemerkt	28/03/2018	Afgerond	https://nationaalgeoregister.nl/geonetwork/srv/dut/catalog.search;jsessionid=E945E7681D455B9998DF3E55B7B87820#/metadata/f2f86edf-ac3a-48e8-9292-0544da2d7645	
130	Productie/industrie-inrichtingen (o.b.v. SBI-codes uit E-MJV registratie - Emissies naar lucht en water vanuit de industrie in 2015	Annex III	Faciliteiten voor productie en industrie	Rijksinstituut voor Volksgezondheid en Milieu (RIVM)		Aangemerkt	28/03/2018	Afgerond	https://nationaalgeoregister.nl/geonetwork/srv/dut/catalog.search;jsessionid=E945E7681D455B9998DF3E55B7B87820#/metadata/f8d840bc-18df-4449-b797-b9adcb81d3ec	
131	Productie/industrie-inrichtingen (o.b.v. SBI-codes) uit E-MJV-registratie - Afgevoerde hoeveelheid afval vanuit de industrie in 2015	Annex III	Faciliteiten voor productie en industrie	Rijksinstituut voor Volksgezondheid en Milieu (RIVM)		Aangemerkt	28/03/2018	Afgerond	https://nationaalgeoregister.nl/geonetwork/srv/dut/catalog.search;jsessionid=E945E7681D455B9998DF3E55B7B87820#/metadata/08b27bf0-e34a-4b30-9eac-5edadfb6a288	
132	Gemeten Ammoniak concentraties in de buitenlucht	Annex III	Milieubewakingsvoorzieningen	Rijksinstituut voor Volksgezondheid en Milieu (RIVM)		Aangemerkt	04/04/2018	Afgerond	https://nationaalgeoregister.nl/geonetwork/srv/dut/catalog.search;jsessionid=E945E7681D455B9998DF3E55B7B87820#/metadata/d3c9efd6-fca7-49d6-92bb-5f507abece90	
133	Gemeten fijnere fractie van fijn stof concentraties in de buitenlucht	Annex III	Milieubewakingsvoorzieningen	Rijksinstituut voor Volksgezondheid en Milieu (RIVM)		Aangemerkt	04/04/2018	Afgerond	https://nationaalgeoregister.nl/geonetwork/srv/dut/catalog.search;jsessionid=E945E7681D455B9998DF3E55B7B87820#/metadata/af135cd8-d429-4fc7-b9e3-09e15217520d	
134	Gemeten Fijn stof concentraties in buitenlucht	Annex III	Milieubewakingsvoorzieningen	Rijksinstituut voor Volksgezondheid en Milieu (RIVM)		Aangemerkt	04/04/2018	Afgerond	https://nationaalgeoregister.nl/geonetwork/srv/dut/catalog.search;jsessionid=E945E7681D455B9998DF3E55B7B87820#/metadata/b3ec8793-7747-4da0-b6c3-aa384446a586	
135	Gemeten Koolstofmonoxide concentraties in buitenlucht	Annex III	Milieubewakingsvoorzieningen	Rijksinstituut voor Volksgezondheid en Milieu (RIVM)		Aangemerkt	04/04/2018	Afgerond	https://nationaalgeoregister.nl/geonetwork/srv/dut/catalog.search;jsessionid=E945E7681D455B9998DF3E55B7B87820#/metadata/5800f3b0-2ea2-4231-8165-216a7b26867f	
136	Gemeten Ozon concentraties in buitenlucht	Annex III	Milieubewakingsvoorzieningen	Rijksinstituut voor Volksgezondheid en Milieu (RIVM)		Aangemerkt	04/04/2018	Afgerond	https://nationaalgeoregister.nl/geonetwork/srv/dut/catalog.search;jsessionid=E945E7681D455B9998DF3E55B7B87820#/metadata/d8f370e8-123c-4ab3-9410-04f728327ac6	
137	Gemeten Stikstofdioxide concentraties in buitenlucht	Annex III	Milieubewakingsvoorzieningen	Rijksinstituut voor Volksgezondheid en Milieu (RIVM)		Aangemerkt	04/04/2018	Afgerond	https://nationaalgeoregister.nl/geonetwork/srv/dut/catalog.search;jsessionid=E945E7681D455B9998DF3E55B7B87820#/metadata/733559a5-201d-40e5-ad43-d1c7bae84d9f	
138	Gemeten Stikstofmonoxide concentraties in buitenlucht	Annex III	Milieubewakingsvoorzieningen	Rijksinstituut voor Volksgezondheid en Milieu (RIVM)		Aangemerkt	04/04/2018	Afgerond	https://nationaalgeoregister.nl/geonetwork/srv/dut/catalog.search;jsessionid=E945E7681D455B9998DF3E55B7B87820#/metadata/f91c6ad6-62a5-46d0-8a5b-8a62e7a4b833	
139	Gemeten Zwaveldioxide concentraties in buitenlucht	Annex III	Milieubewakingsvoorzieningen	Rijksinstituut voor Volksgezondheid en Milieu (RIVM)		Aangemerkt	04/04/2018	Afgerond	https://nationaalgeoregister.nl/geonetwork/srv/dut/catalog.search;jsessionid=E945E7681D455B9998DF3E55B7B87820#/metadata/500d396f-5ec6-4e4b-a151-5fb3cddd8082	
140	KRW Oppervlaktewaterlichamen Nederland EU2015 lijnen (Kaderrichtlijn Water)	Annex III	Gebiedsbeheer, gebieden waar beperkingen gelden, gereguleerde gebieden en rapportage-eenheden	Rijkswaterstaat		Aangemerkt	24/04/2018	Afgerond	https://nationaalgeoregister.nl/geonetwork/srv/dut/catalog.search;jsessionid=E945E7681D455B9998DF3E55B7B87820#/metadata/110f9ec6-4464-462e-9765-83d90cefbeag	https://nationaalgeoregister.nl/geonetwork/srv/dut/catalog.search;jsessionid=E945E7681D455B9998DF3E55B7B87820#/metadata/6b574ba3-3b1c-4f29-a631-0f160713d96d
141	ROR Historische overstromingen (Richtlijn Overstromingsrisico)	Annex III	Gebieden met natuurrisico's	Rijkswaterstaat	Provincies,Waterschappen	Aangemerkt	24/04/2018	Afgerond	https://nationaalgeoregister.nl/geonetwork/srv/dut/catalog.search;jsessionid=E945E7681D455B9998DF3E55B7B87820#/metadata/0e6bbc35-489b-4209-8e5c-41e36b9d0351	https://nationaalgeoregister.nl/geonetwork/srv/dut/catalog.search;jsessionid=E945E7681D455B9998DF3E55B7B87820#/metadata/7c48322f-f9cf-4a08-aa63-c4de080c13aab
142	KRW Register Beschermd Gebied - Drinkwateronttrekkingsgebied artikel 7 (Kaderrichtlijn Water)	Annex III	Gebiedsbeheer, gebieden waar beperkingen gelden, gereguleerde gebieden en rapportage-eenheden	Rijkswaterstaat		Aangemerkt	17/04/2018	Afgerond		https://nationaalgeoregister.nl/geonetwork/srv/dut/catalog.search;jsessionid=E945E7681D455B9998DF3E55B7B87820#/metadata/6b574ba3-3b1c-4f29-a631-0f160713d96d
143	KRW Stroomgebieddistricten Nederland EU2015 (Kaderrichtlijn Water)	Annex III	Gebiedsbeheer, gebieden waar beperkingen gelden, gereguleerde gebieden en rapportage-eenheden	Rijkswaterstaat		Aangemerkt	17/04/2018	Afgerond	https://nationaalgeoregister.nl/geonetwork/srv/dut/catalog.search;jsessionid=E945E7681D455B9998DF3E55B7B87820#/metadata/110f9ec6-4464-462e-9765-83d90cefbeab	https://nationaalgeoregister.nl/geonetwork/srv/dut/catalog.search;jsessionid=E945E7681D455B9998DF3E55B7B87820#/metadata/6b574ba3-3b1c-4f29-a631-0f160713d96d
144	KRW Deelstroomgebieden Nederland EU2015 (Kaderrichtlijn Water)	Annex III	Gebiedsbeheer, gebieden waar beperkingen gelden, gereguleerde gebieden en rapportage-eenheden	Rijkswaterstaat		Aangemerkt	17/04/2018	Afgerond	https://nationaalgeoregister.nl/geonetwork/srv/dut/catalog.search;jsessionid=E945E7681D455B9998DF3E55B7B87820#/metadata/110f9ec6-4464-462e-9765-83d90cefbeac	https://nationaalgeoregister.nl/geonetwork/srv/dut/catalog.search;jsessionid=E945E7681D455B9998DF3E55B7B87820#/metadata/6b574ba3-3b1c-4f29-a631-0f160713d96d
145	Waterschapsgrenzen	Annex I	Administratieve eenheden	Waterschappen		Aangemerkt	17/04/2018	Afgerond		https://nationaalgeoregister.nl/geonetwork/srv/dut/catalog.search;jsessionid=E945E7681D455B9998DF3E55B7B87820#/metadata/2d4ec7e6-50ae-4c71-bd20-5b9211e2135f
146	KRW Oppervlaktewaterlichamen Nederland EU2015 riviernetwerk (Kaderrichtlijn Water)	Annex III	Gebiedsbeheer, gebieden waar beperkingen gelden, gereguleerde gebieden en rapportage-eenheden	Rijkswaterstaat		Aangemerkt	15/05/2018	Afgerond	https://nationaalgeoregister.nl/geonetwork/srv/dut/catalog.search;jsessionid=E945E7681D455B9998DF3E55B7B87820#/metadata/a1960e70-22f4-4fd9-91a8-b605c6ceda3e	https://nationaalgeoregister.nl/geonetwork/srv/dut/catalog.search;jsessionid=E945E7681D455B9998DF3E55B7B87820#/metadata/6b574ba3-3b1c-4f29-a631-0f160713d96d
147	KRW grondwaterlichamen (Kaderrichtlijn Water)	Annex III	Gebiedsbeheer, gebieden waar beperkingen gelden, gereguleerde gebieden en rapportage-eenheden	Provincies		Aangemerkt	24/04/2018	Afgerond		
148	ROR Overstromingsgevaarkaarten (Richtlijn Overstromingsrisico)	Annex III	Gebieden met natuurrisico's	Provincies	Rijkswaterstaat,Waterschappen	Aangemerkt	24/04/2018	Afgerond	https://nationaalgeoregister.nl/geonetwork/srv/dut/catalog.search;jsessionid=E945E7681D455B9998DF3E55B7B87820#/metadata/bc2c53f6-c908-4d7c-a6c0-78d9a2855640	
149	ROR Overstromingsrisicokaarten (Richtlijn Overstromingsrisico)	Annex III	Gebieden met natuurrisico's	Provincies	Rijkswaterstaat,Waterschappen	Aangemerkt	24/04/2018	Afgerond	https://nationaalgeoregister.nl/geonetwork/srv/dut/catalog.search;jsessionid=E945E7681D455B9998DF3E55B7B87820#/metadata/2daad588-11ef-47de-9832-6fe2c3b93e6d	
150	KNMI actuele synoptische waarnemingen van NL land, kustgebieden en Noordzee stations per 10 minuten	Annex III	Atmosferische omstandigheden	Koninklijk Nederlands Meteorologisch Instituut (KNMI)		Aangemerkt	14/05/2018	Afgerond		https://nationaalgeoregister.nl/geonetwork/srv/dut/catalog.search;jsessionid=E945E7681D455B9998DF3E55B7B87820#/metadata/82d8fb04-6e3d-4a3a-b230-387afd3dd9da
151	KNMI gecontroleerde klimatologische daggegevens van NL landstations	Annex III	Atmosferische omstandigheden	Koninklijk Nederlands Meteorologisch Instituut (KNMI)		Aangemerkt	07/05/2018	Afgerond		https://nationaalgeoregister.nl/geonetwork/srv/dut/catalog.search;jsessionid=E945E7681D455B9998DF3E55B7B87820#/metadata/391de539-ea1a-44dd-9b00-43feb66e64d2
152	Territoriale zee volgens UNCLOS - Noordzee	Annex I	Administratieve eenheden	Ministerie van Defensie, Koninklijke Marine, Dienst der Hydrografie		Aangemerkt	16/05/2018	Afgerond		https://nationaalgeoregister.nl/geonetwork/srv/dut/catalog.search;jsessionid=E945E7681D455B9998DF3E55B7B87820#/metadata/7fed469a-77e1-4545-a4cb-eedf389d851f
153	Aansluitende zone volgens UNCLOS - Noordzee	Annex I	Administratieve eenheden	Ministerie van Defensie, Koninklijke Marine, Dienst der Hydrografie		Aangemerkt	16/05/2018	Afgerond		https://nationaalgeoregister.nl/geonetwork/srv/dut/catalog.search;jsessionid=E945E7681D455B9998DF3E55B7B87820#/metadata/424c1d5c-063b-4372-99f5-c85786b4a9d0
154	EEZ volgens UNCLOS - Noordzee	Annex I	Administratieve eenheden	Ministerie van Defensie, Koninklijke Marine, Dienst der Hydrografie		Aangemerkt	16/05/2018	Afgerond		https://nationaalgeoregister.nl/geonetwork/srv/dut/catalog.search;jsessionid=E945E7681D455B9998DF3E55B7B87820#/metadata/3296af93-cc8c-4a24-9356-1f68a57db712
155	LCP installaties en emissies (Richtlijn Industriële emissies) 2016	Annex III	Faciliteiten voor productie en industrie	Rijksinstituut voor Volksgezondheid en Milieu (RIVM)		Aangemerkt	23/05/2018	Afgerond	https://nationaalgeoregister.nl/geonetwork/srv/dut/catalog.search;jsessionid=E945E7681D455B9998DF3E55B7B87820#/metadata/d24ccb35-e9d2-41bf-b231-43083fc0c76d	
156	Monitoring stations (Nitraatrichtlijn) ondiepe filters	Annex III	Milieubewakingsvoorzieningen	Rijksinstituut voor Volksgezondheid en Milieu (RIVM)		Aangemerkt	28/05/2018	Afgerond	https://nationaalgeoregister.nl/geonetwork/srv/dut/catalog.search;jsessionid=E945E7681D455B9998DF3E55B7B87820#/metadata/b3f66964-a8c1-456f-9799-9cafca2cb7b1	
157	Meetgegevens monitoring stations (Nitraatrichtlijn) ondiepe filters	Annex III	Menselijke gezondheid en veiligheid	Rijksinstituut voor Volksgezondheid en Milieu (RIVM)		Aangemerkt	28/05/2018	Afgerond	https://nationaalgeoregister.nl/geonetwork/srv/dut/catalog.search;jsessionid=E945E7681D455B9998DF3E55B7B87820#/metadata/b3f66964-a8c1-456f-9799-9cafca2cb7b1	
158	Hydrografie	Annex I	Hydrografie	Waterschappen		Aangemerkt	13/08/2018	Afgerond	https://nationaalgeoregister.nl/geonetwork/srv/dut/catalog.search;jsessionid=E945E7681D455B9998DF3E55B7B87820#/metadata/07575774-57a1-4419-bab4-6c88fdeb02b2	
159	Potentiekaart Reststromen	Annex III	Energiebronnen	Ministerie van Economische Zaken en Klimaat		Aangemerkt	13/08/2018	Afgerond	https://nationaalgeoregister.nl/geonetwork/srv/dut/catalog.search;jsessionid=E945E7681D455B9998DF3E55B7B87820#/metadata/83f5c953-8033-40c8-93c4-e664036e5b89	
160	KRM Mariene wateren Nederland EU2018 (Kaderrichtlijn Mariene Strategie)	Annex III	Gebiedsbeheer, gebieden waar beperkingen gelden, gereguleerde gebieden en rapportage-eenheden	Rijkswaterstaat		Aangemerkt	01/04/2019	Afgerond	https://nationaalgeoregister.nl/geonetwork/srv/dut/catalog.search;jsessionid=E945E7681D455B9998DF3E55B7B87820#/metadata/353108a0-f0f8-4f8e-9d0e-60f18dfda169	https://nationaalgeoregister.nl/geonetwork/srv/dut/catalog.search;jsessionid=E945E7681D455B9998DF3E55B7B87820#/metadata/6b574ba3-3b1c-4f29-a631-0f160713d96d
161	Luchtfoto 2018 25cm RGB open data	Annex II	Orthobeeldvorming	Het Waterschapshuis		Aangemerkt	29/05/2019	Afgerond	https://nationaalgeoregister.nl/geonetwork/srv/dut/catalog.search;jsessionid=E945E7681D455B9998DF3E55B7B87820#/metadata/5b274449-b6c2-4672-a32f-e0bd40975a53	
162	Scheepvaart verkeersscheidingsstelsel Noordzee (Nederlands Continentaal Plat)	Annex I	Vervoersnetwerken	Rijkswaterstaat		Aangemerkt	27/02/2019	Afgerond	https://nationaalgeoregister.nl/geonetwork/srv/dut/catalog.search;jsessionid=E945E7681D455B9998DF3E55B7B87820#/metadata/5996e444-f7f3-40d2-b485-8b9af6e8aa89	https://nationaalgeoregister.nl/geonetwork/srv/dut/catalog.search;jsessionid=E945E7681D455B9998DF3E55B7B87820#/metadata/cfc800cb-e903-4364-9415-ddd3e0ecf49f
163	Digitaal Topografisch Bestand (DTB)	Annex I	Hydrografie	Rijkswaterstaat		Aangemerkt	27/02/2019	Afgerond	https://nationaalgeoregister.nl/geonetwork/srv/dut/catalog.search;jsessionid=E945E7681D455B9998DF3E55B7B87820#/metadata/c4b137b8-2317-42c2-aced-204c4216d68d	
164	Nationaal Hydrologisch Instrumentarium (NHI) - netwerkschematisaties	Annex I	Hydrografie	Rijkswaterstaat		Aangemerkt	27/02/2019	Afgerond	https://nationaalgeoregister.nl/geonetwork/srv/dut/catalog.search;jsessionid=E945E7681D455B9998DF3E55B7B87820#/metadata/710c381c-ab2d-45d5-a45d-af2eba811e5f	https://nationaalgeoregister.nl/geonetwork/srv/dut/catalog.search;jsessionid=E945E7681D455B9998DF3E55B7B87820#/metadata/c3955762-73a3-4c16-a15c-f3869487a1ea
165	Nationaal Wegen Bestand (NWB) - Vaarwegen	Annex I	Vervoersnetwerken	Rijkswaterstaat		Aangemerkt	27/02/2019	Afgerond	https://nationaalgeoregister.nl/geonetwork/srv/dut/catalog.search;jsessionid=E945E7681D455B9998DF3E55B7B87820#/metadata/00d8c7c8-98ff-4b06-8f53-b44216e6e75c	https://nationaalgeoregister.nl/geonetwork/srv/dut/catalog.search;jsessionid=E945E7681D455B9998DF3E55B7B87820#/metadata/cfc800cb-e903-4364-9415-ddd3e0ecf49f
166	Nationaal Wegen Bestand (NWB) - Wegen	Annex I	Vervoersnetwerken	Rijkswaterstaat		Aangemerkt	27/02/2019	Afgerond	https://nationaalgeoregister.nl/geonetwork/srv/dut/catalog.search;jsessionid=E945E7681D455B9998DF3E55B7B87820#/metadata/a9b7026e-0a81-4813-93bd-ba49e6f28502	https://nationaalgeoregister.nl/geonetwork/srv/dut/catalog.search;jsessionid=E945E7681D455B9998DF3E55B7B87820#/metadata/f4520ae7-9229-4132-8d42-37b4f962212a
167	Vaarwegmarkeringen Nederland	Annex I	Vervoersnetwerken	Rijkswaterstaat		Aangemerkt	27/02/2019	Afgerond	https://nationaalgeoregister.nl/geonetwork/srv/dut/catalog.search;jsessionid=E945E7681D455B9998DF3E55B7B87820#/metadata/be1b1514-8d1f-48e1-9624-fee9b784138b	https://nationaalgeoregister.nl/geonetwork/srv/dut/catalog.search;jsessionid=E945E7681D455B9998DF3E55B7B87820#/metadata/cfc800cb-e903-4364-9415-ddd3e0ecf49f
168	Weggegevens Rijkswaterstaat (WEGGEG)	Annex I	Vervoersnetwerken	Rijkswaterstaat		Aangemerkt	27/02/2019	Afgerond	https://nationaalgeoregister.nl/geonetwork/srv/dut/catalog.search;jsessionid=E945E7681D455B9998DF3E55B7B87820#/metadata/abaf1e22-55aa-4a11-a855-7ac963e4a82b	https://nationaalgeoregister.nl/geonetwork/srv/dut/catalog.search;jsessionid=E945E7681D455B9998DF3E55B7B87820#/metadata/f4520ae7-9229-4132-8d42-37b4f962212a
169	OZON (Objectgerichte Ontsluiting van Omgevingsdocumenten)	Annex III	Landgebruik	Kadaster		Aangemerkt	29/05/2019	Afgerond		
170	OZON (Objectgerichte Ontsluiting van Omgevingsdocumenten)	Annex III	Gebiedsbeheer, gebieden waar beperkingen gelden, gereguleerde gebieden en rapportage-eenheden	Kadaster		Aangemerkt	29/05/2019	Afgerond		
171	ROR Gebieden met potentieel significant overstromingsrisico EU2018 lijnen (Richtlijn Overstromingsrisico)	Annex III	Gebieden met natuurrisico's	Rijkswaterstaat	Provincies,Waterschappen	Aangemerkt	09/09/2019	Afgerond	https://nationaalgeoregister.nl/geonetwork/srv/dut/catalog.search;jsessionid=E945E7681D455B9998DF3E55B7B87820#/metadata/155f4288-e7c6-4278-8145-0e8cb5ffe52d	https://nationaalgeoregister.nl/geonetwork/srv/dut/catalog.search;jsessionid=E945E7681D455B9998DF3E55B7B87820#/metadata/7c48322f-f9cf-4a08-aa63-c4de080c13a1
172	ROR Gebieden met potentieel significant overstromingsrisico EU2018 vlakken (Richtlijn Overstromingsrisico)	Annex III	Gebieden met natuurrisico's	Rijkswaterstaat	Provincies,Waterschappen	Aangemerkt	09/09/2019	Afgerond	https://nationaalgeoregister.nl/geonetwork/srv/dut/catalog.search;jsessionid=E945E7681D455B9998DF3E55B7B87820#/metadata/babb8ae8-533f-4fd1-be66-e8dcccf20b33	https://nationaalgeoregister.nl/geonetwork/srv/dut/catalog.search;jsessionid=E945E7681D455B9998DF3E55B7B87820#/metadata/7c48322f-f9cf-4a08-aa63-c4de080c13a1
173	Luchtfoto 2018 25cm CIR open data	Annex II	Orthobeeldvorming	Het Waterschapshuis		Aangemerkt	29/05/2019	Afgerond	https://nationaalgeoregister.nl/geonetwork/srv/dut/catalog.search;jsessionid=E945E7681D455B9998DF3E55B7B87820#/metadata/7f5d7945-8fa8-4d36-be4c-2fdb3c7d613b	
174	Luchtfoto 2017 25cm RGB open data	Annex II	Orthobeeldvorming	Het Waterschapshuis		Aangemerkt	29/05/2019	Afgerond	https://nationaalgeoregister.nl/geonetwork/srv/dut/catalog.search;jsessionid=E945E7681D455B9998DF3E55B7B87820#/metadata/74aca3eb-c38b-4214-9537-e0abc69e11b5	
175	Luchtfoto 2016 25cm RGB open data	Annex II	Orthobeeldvorming	Het Waterschapshuis		Aangemerkt	29/05/2019	Afgerond	https://nationaalgeoregister.nl/geonetwork/srv/dut/catalog.search;jsessionid=E945E7681D455B9998DF3E55B7B87820#/metadata/df15af6e-0d21-4437-a69f-802be3479bba	
176	Luchtfoto 2017 25cm CIR open data	Annex II	Orthobeeldvorming	Het Waterschapshuis		Aangemerkt	29/05/2019	Afgerond	https://nationaalgeoregister.nl/geonetwork/srv/dut/catalog.search;jsessionid=E945E7681D455B9998DF3E55B7B87820#/metadata/7c24ea89-074e-4c4f-91e3-d38e813e9cb6	
177	Luchtfoto 2016 25cm CIR open data	Annex II	Orthobeeldvorming	Het Waterschapshuis		Aangemerkt	29/05/2019	Afgerond	https://nationaalgeoregister.nl/geonetwork/srv/dut/catalog.search;jsessionid=E945E7681D455B9998DF3E55B7B87820#/metadata/1be28290-55fa-4486-b9d3-b9d147117863	
178	Vaarweg Netwerk Data Service - bevaarbaarheid	Annex III	Gebiedsbeheer, gebieden waar beperkingen gelden, gereguleerde gebieden en rapportage-eenheden	Rijkswaterstaat		Aangemerkt	16/09/2019	Afgerond	https://nationaalgeoregister.nl/geonetwork/srv/dut/catalog.search;jsessionid=E945E7681D455B9998DF3E55B7B87820#/metadata/831f7bd7-c2ae-4336-bd2f-47ab20d7cdb7	
179	Bathymetrie Nederlands deel van de Noordzee ondieper dan 10 m LAT	Annex II	Hoogte	Rijkswaterstaat		Aangemerkt	08/10/2019	Afgerond	https://nationaalgeoregister.nl/geonetwork/srv/dut/catalog.search;jsessionid=E945E7681D455B9998DF3E55B7B87820#/metadata/a27e77af-5ce3-4af6-ab47-9b4231b3560f	
180	Bathymetrie Nederlands deel van de Noordzee dieper dan 10 m LAT	Annex II	Hoogte	Ministerie van Defensie, Koninklijke Marine, Dienst der Hydrografie		Aangemerkt	19/06/2013	Afgerond		https://nationaalgeoregister.nl/geonetwork/srv/dut/catalog.search;jsessionid=E945E7681D455B9998DF3E55B7B87820#/metadata/a322184d-6285-4856-bb78-f450b30ffc0e
181	Bathymetrie van de Nederlandse binnenwateren	Annex II	Hoogte	Rijkswaterstaat		Aangemerkt	08/10/2019	Afgerond	https://nationaalgeoregister.nl/geonetwork/srv/dut/catalog.search;jsessionid=E945E7681D455B9998DF3E55B7B87820#/metadata/a27e77af-5ce3-4af6-ab47-9b4231b3560f	
182	Basisregistratie Gewaspercelen (BRP)	Annex III	Landgebruik	Ministerie van Landbouw, Natuur en Voedselkwaliteit		Aangemerkt	08/07/2020	Afgerond	https://nationaalgeoregister.nl/geonetwork/srv/dut/catalog.search;jsessionid=E945E7681D455B9998DF3E55B7B87820#/metadata/b812a145-b4fe-4331-8dc6-d914327a87ff	
183	BRO – Mijnbouwconstructie (EPC)	Annex II	Geologie	TNO Geologische Dienst Nederland		Aangemerkt	10/11/2020	Afgerond		
184	BRO - Geotechnisch sondeeronderzoek (CPT)	Annex II	Geologie	TNO Geologische Dienst Nederland		Aangemerkt	12/05/2020	Afgerond	https://nationaalgeoregister.nl/geonetwork/srv/dut/catalog.search;jsessionid=E945E7681D455B9998DF3E55B7B87820#/metadata/f0c1a66c-f2d4-4686-8aeb-d02d509a6b25	
185	BRO - Grondwatermonitoringsput (GMW)	Annex II	Geologie	TNO Geologische Dienst Nederland		Aangemerkt	12/05/2020	Afgerond	https://nationaalgeoregister.nl/geonetwork/srv/dut/catalog.search;jsessionid=E945E7681D455B9998DF3E55B7B87820#/metadata/ef68de57-c449-462b-b441-89e9f5222d33	https://nationaalgeoregister.nl/geonetwork/srv/dut/catalog.search;jsessionid=E945E7681D455B9998DF3E55B7B87820#/metadata/851fc968-137e-11eb-adc1-0242ac120002
186	BRO - Bodemkundig booronderzoek (BHR-P)	Annex III	Bodem	TNO Geologische Dienst Nederland		Aangemerkt	12/05/2020	Afgerond	https://nationaalgeoregister.nl/geonetwork/srv/dut/catalog.search;jsessionid=E945E7681D455B9998DF3E55B7B87820#/metadata/562127a6-0381-46b3-9ed7-10e61ec5ecb5	https://nationaalgeoregister.nl/geonetwork/srv/dut/catalog.search;jsessionid=E945E7681D455B9998DF3E55B7B87820#/metadata/923f1bf3-912d-4b46-b19e-f95944b61558
187	BRO - Geotechnisch booronderzoek (BHR-GT)	Annex II	Geologie	TNO Geologische Dienst Nederland		Aangemerkt	12/05/2020	Afgerond	https://nationaalgeoregister.nl/geonetwork/srv/dut/catalog.search;jsessionid=E945E7681D455B9998DF3E55B7B87820#/metadata/5eaaff8c-c9e1-47b9-a194-6ee727e8bd2d	
188	BRO - Bodemkundig wandonderzoek (SFR)	Annex III	Bodem	TNO Geologische Dienst Nederland		Aangemerkt	12/05/2020	Afgerond	https://nationaalgeoregister.nl/geonetwork/srv/dut/catalog.search;jsessionid=E945E7681D455B9998DF3E55B7B87820#/metadata/83b0dfa4-09f3-4d2e-b6a8-9388627b68dc	
189	BRO - GeoTop (GTM)	Annex II	Geologie	TNO Geologische Dienst Nederland		Aangemerkt	12/05/2020	Afgerond	https://nationaalgeoregister.nl/geonetwork/srv/dut/catalog.search;jsessionid=E945E7681D455B9998DF3E55B7B87820#/metadata/7D35598D-DFBF-C64D-0F1A-92A80A45EB14	
190	BRO – Digitaal Geologisch Model (DGM)	Annex II	Geologie	TNO Geologische Dienst Nederland		Aangemerkt	12/05/2020	Afgerond	https://nationaalgeoregister.nl/geonetwork/srv/dut/catalog.search;jsessionid=E945E7681D455B9998DF3E55B7B87820#/metadata/F646DFB9-5BF6-EAB9-042B-CAB6FF2DC275	
191	BRO – REGIS (HGM)	Annex II	Geologie	TNO Geologische Dienst Nederland		Aangemerkt	12/05/2020	Afgerond	https://nationaalgeoregister.nl/geonetwork/srv/dut/catalog.search;jsessionid=E945E7681D455B9998DF3E55B7B87820#/metadata/E7D9F0D6-2B8D-6699-F26E-4A781228F2DD	
192	BRO - Grondwatermonitoringnet (GMN)	Annex III	Milieubewakingsvoorzieningen	TNO Geologische Dienst Nederland		Aangemerkt	12/05/2020	Afgerond	https://nationaalgeoregister.nl/geonetwork/srv/dut/catalog.search;jsessionid=E945E7681D455B9998DF3E55B7B87820#/metadata/3a72b9a4-cda9-11ea-87d0-0242ac130003	https://nationaalgeoregister.nl/geonetwork/srv/dut/catalog.search;jsessionid=E945E7681D455B9998DF3E55B7B87820#/metadata/dff9c760-1380-11eb-adc1-0242ac120002
193	BRO – Grondwatersamenstellingsonderzoek (GAR)	Annex III	Milieubewakingsvoorzieningen	TNO Geologische Dienst Nederland		Aangemerkt	12/05/2020	Afgerond	https://nationaalgeoregister.nl/geonetwork/srv/dut/catalog.search;jsessionid=E945E7681D455B9998DF3E55B7B87820#/metadata/51318a78-d171-11ea-87d0-0242ac130003	https://nationaalgeoregister.nl/geonetwork/srv/dut/catalog.search;jsessionid=E945E7681D455B9998DF3E55B7B87820#/metadata/dff9c760-1380-11eb-adc1-0242ac120002
194	BRO – Grondwaterstandonderzoek (GLD)	Annex III	Milieubewakingsvoorzieningen	TNO Geologische Dienst Nederland		Aangemerkt	12/05/2020	Afgerond	https://nationaalgeoregister.nl/geonetwork/srv/dut/catalog.search;jsessionid=E945E7681D455B9998DF3E55B7B87820#/metadata/2a379cc6-d16e-11ea-87d0-0242ac130003	https://nationaalgeoregister.nl/geonetwork/srv/dut/catalog.search;jsessionid=E945E7681D455B9998DF3E55B7B87820#/metadata/dff9c760-1380-11eb-adc1-0242ac120002
195	BRO - Geologisch Booronderzoek (BHR-G)	Annex II	Geologie	TNO Geologische Dienst Nederland		Aangemerkt	12/05/2020	Afgerond		https://nationaalgeoregister.nl/geonetwork/srv/dut/catalog.search;jsessionid=E945E7681D455B9998DF3E55B7B87820#/metadata/6c1cf452-8c62-4046-99ab-640a5e184f9c
196	BRO – Grondwatergebruiksysteem (GUF)	Annex III	Faciliteiten voor productie en industrie	TNO Geologische Dienst Nederland		Aangemerkt	12/05/2020	Afgerond	https://nationaalgeoregister.nl/geonetwork/srv/dut/catalog.search;jsessionid=E945E7681D455B9998DF3E55B7B87820#/metadata/91f10e8e-fde9-11ec-b939-0242ac120002	
197	BRO - Grondwaterproductiedossier (GPD)	Annex III	Milieubewakingsvoorzieningen	TNO Geologische Dienst Nederland		Aangemerkt	12/05/2020	Afgerond	https://nationaalgeoregister.nl/geonetwork/srv/dut/catalog.search;jsessionid=E945E7681D455B9998DF3E55B7B87820#/metadata/91f1124e-fde9-11ec-b939-0242ac120002	
198	BRO – Mijnbouwwetvergunning (EPL)	Annex III	Gebiedsbeheer, gebieden waar beperkingen gelden, gereguleerde gebieden en rapportage-eenheden	TNO Geologische Dienst Nederland		Aangemerkt	12/05/2020	Afgerond		
199	Luchtfoto 2019 25cm CIR open data	Annex II	Orthobeeldvorming	Het Waterschapshuis		Aangemerkt	19/05/2020	Afgerond		
200	Luchtfoto 2019 25cm RGB open data	Annex II	Orthobeeldvorming	Het Waterschapshuis		Aangemerkt	19/05/2020	Afgerond		
201	BRO - Bodemkaart (SGM)	Annex III	Bodem	Ministerie van Landbouw, Natuur en Voedselkwaliteit		Aangemerkt	12/05/2020	Afgerond	https://nationaalgeoregister.nl/geonetwork/srv/dut/catalog.search;jsessionid=E945E7681D455B9998DF3E55B7B87820#/metadata/ed960299-a147-4c1a-bc57-41ff83a2264f	
202	BRO - Model Grondwaterspiegeldiepte (WDM)	Annex III	Geologie	Ministerie van Landbouw, Natuur en Voedselkwaliteit		Aangemerkt	12/05/2020	Afgerond	https://nationaalgeoregister.nl/geonetwork/srv/dut/catalog.search;jsessionid=E945E7681D455B9998DF3E55B7B87820#/metadata/b756dabe-a331-42cd-b45e-f61828ee4534	
203	BRO - Geomorfologische kaart (GMM)	Annex II	Geologie	Ministerie van Landbouw, Natuur en Voedselkwaliteit		Aangemerkt	12/05/2020	Afgerond	https://nationaalgeoregister.nl/geonetwork/srv/dut/catalog.search;jsessionid=E945E7681D455B9998DF3E55B7B87820#/metadata/459231d0-7379-4f26-a444-7616e1d888f0	
204	Referentielaag landbouwpercelen	Annex III	Bodemgebruik	Ministerie van Landbouw, Natuur en Voedselkwaliteit		Aangemerkt	08/07/2020	Afgerond	https://nationaalgeoregister.nl/geonetwork/srv/dut/catalog.search;jsessionid=E945E7681D455B9998DF3E55B7B87820#/metadata/4fa03182-df71-4c39-87da-e7d5c0b82d88	https://nationaalgeoregister.nl/geonetwork/srv/dut/catalog.search;jsessionid=E945E7681D455B9998DF3E55B7B87820#/metadata/886a4a48-7b7d-4eeb-aaff-d2ae8b3ed9ee
205	Aantal inwoners per gemeente, wijk, buurt 2019	Annex III	Spreiding van de bevolking — demografie	Centraal Bureau voor de Statistiek (CBS)		Aangemerkt	04/09/2020	Afgerond	https://nationaalgeoregister.nl/geonetwork/srv/dut/catalog.search;jsessionid=E945E7681D455B9998DF3E55B7B87820#/metadata/5c37d29a-006d-4136-8989-adfc35a1d4a7	https://nationaalgeoregister.nl/geonetwork/srv/dut/catalog.search;jsessionid=E945E7681D455B9998DF3E55B7B87820#/metadata/76541ebb-a554-4540-a017-399d4bb4a860
206	BRO - Formatieweerstandonderzoek (FRD)	Annex II	Geologie	TNO Geologische Dienst Nederland		Aangemerkt	04/09/2020	Afgerond	https://nationaalgeoregister.nl/geonetwork/srv/dut/catalog.search;jsessionid=E945E7681D455B9998DF3E55B7B87820#/metadata/5e6d1cb6-768c-471f-ac55-a73965747b84	
207	Aantal inwoners per provincie	Annex III	Spreiding van de bevolking — demografie	Centraal Bureau voor de Statistiek (CBS)		Aangemerkt	04/09/2020	Afgerond	https://nationaalgeoregister.nl/geonetwork/srv/dut/catalog.search;jsessionid=E945E7681D455B9998DF3E55B7B87820#/metadata/76541ebb-a554-4540-a017-399d4bb4a860	https://nationaalgeoregister.nl/geonetwork/srv/dut/catalog.search;jsessionid=E945E7681D455B9998DF3E55B7B87820#/metadata/76541ebb-a554-4540-a017-399d4bb4a860
208	Aantal inwoners per gemeente, wijk, buurt 2020	Annex III	Spreiding van de bevolking — demografie	Centraal Bureau voor de Statistiek (CBS)		Aangemerkt	17/12/2020	Afgerond	https://nationaalgeoregister.nl/geonetwork/srv/dut/catalog.search;jsessionid=E945E7681D455B9998DF3E55B7B87820#/metadata/f1859b4d-93be-4fc8-9e91-0ecc2fa0f3b3	https://nationaalgeoregister.nl/geonetwork/srv/dut/catalog.search;jsessionid=E945E7681D455B9998DF3E55B7B87820#/metadata/76541ebb-a554-4540-a017-399d4bb4a860
209	Hoofdwegen (Richtlijn Omgevingslawaai)	Annex I	Vervoersnetwerken	Ministerie van Infrastructuur en Waterstaat, Directie Duurzame Leefomgeving en Circulaire Economie		Aangemerkt	28/11/2022	Afgerond		
210	Hoofd spoorwegen (Richtlijn Omgevingslawaai)	Annex I	Vervoersnetwerken	Ministerie van Infrastructuur en Waterstaat, Directie Duurzame Leefomgeving en Circulaire Economie		Aangemerkt	28/11/2022	Afgerond		
211	Hoofd luchtvervoersnetwerk (Richtlijn Omgevingslawaai)	Annex I	Vervoersnetwerken	Ministerie van Infrastructuur en Waterstaat, Directie Duurzame Leefomgeving en Circulaire Economie		Aangemerkt	28/11/2022	Afgerond		
212	IED installaties en emissies (Richtlijn Industriële emissies)	Annex III	Faciliteiten voor productie en industrie	Rijksinstituut voor Volksgezondheid en Milieu (RIVM)		Aangemerkt	22/01/2021	Afgerond		
213	Ecologisch aandachtsgebied	Annex III	Landgebruik	Ministerie van Landbouw, Natuur en Voedselkwaliteit		Aangemerkt	06/04/2021	Afgerond		
214	Aantal inwoners per gemeente, wijk, buurt 2021	Annex III	Spreiding van de bevolking — demografie	Centraal Bureau voor de Statistiek (CBS)		Aangemerkt	25/01/2022	Afgerond	https://nationaalgeoregister.nl/geonetwork/srv/dut/catalog.search;jsessionid=E945E7681D455B9998DF3E55B7B87820#/metadata/524b1e94-1981-4ef6-be1f-482d309b5db8	https://nationaalgeoregister.nl/geonetwork/srv/dut/catalog.search;jsessionid=E945E7681D455B9998DF3E55B7B87820#/metadata/76541ebb-a554-4540-a017-399d4bb4a860
215	Amplitude van het getij	Annex III	Oceanografische geografische kenmerken	Ministerie van Defensie, Koninklijke Marine, Dienst der Hydrografie		Aangemerkt	08/02/2022	Afgerond		https://nationaalgeoregister.nl/geonetwork/srv/dut/catalog.search;jsessionid=E945E7681D455B9998DF3E55B7B87820#/metadata/89fe9da7-5f6a-4fd5-ad46-2549d99d6bc2
216	SEVESO-inrichtingen uit Register Externe Veiligheidsrisico's (REV)	Annex III	Faciliteiten voor productie en industrie	Ministerie van Infrastructuur en Waterstaat, Directie Omgevingsveiligheid & Milieurisico's		Aangemerkt	28/11/2022	Afgerond		
217	Activiteiten die vallen onder NACE Rev.2 categorieën B, C, D, E (deels), F, H uit Register Externe Veiligheidsrisico's (REV)	Annex III	Faciliteiten voor productie en industrie	Ministerie van Infrastructuur en Waterstaat, Directie Omgevingsveiligheid & Milieurisico's		Aangemerkt	28/11/2022	Afgerond		
218	Luchtfoto 2020 25cm RGB open data	Annex II	Orthobeeldvorming	Het Waterschapshuis		Aangemerkt	19/12/2022	Afgerond		
219	Luchtfoto 2020 25cm CIR open data	Annex II	Orthobeeldvorming	Het Waterschapshuis		Aangemerkt	19/12/2022	Afgerond		
220	Luchtfoto 2021 HR RGB open data	Annex II	Orthobeeldvorming	Het Waterschapshuis		Aangemerkt	19/12/2022	Afgerond		
221	Luchtfoto 2022 25cm RGB open data	Annex II	Orthobeeldvorming	Het Waterschapshuis		Aangemerkt	19/12/2022	Afgerond		
222	Luchtfoto 2022 25cm CIR open data	Annex II	Orthobeeldvorming	Het Waterschapshuis		Aangemerkt	19/12/2022	Afgerond		
223	Luchtfoto 2022 HR RGB open data	Annex II	Orthobeeldvorming	Het Waterschapshuis		Aangemerkt	19/12/2022	Afgerond		
224	Geluidaandachtsgebieden uit {Centrale Voorziening Geluidgegevens (CVGG)}	Annex III	Gebiedsbeheer, gebieden waar beperkingen gelden, gereguleerde gebieden en rapportage-eenheden	Ministerie van Infrastructuur en Waterstaat, Directie Duurzame Leefomgeving en Circulaire Economie		Aangemerkt	28/11/2022	Afgerond		
225	Geluidbelastingkaart hoofdwegen Lden en Lnight (Richtlijn Omgevingslawaai) uit {Centrale Voorziening Geluidgegevens (CVGG)}	Annex III	Menselijke gezondheid en veiligheid	Ministerie van Infrastructuur en Waterstaat, Directie Duurzame Leefomgeving en Circulaire Economie		Aangemerkt	28/11/2022	Afgerond		https://nationaalgeoregister.nl/geonetwork/srv/dut/catalog.search;jsessionid=E945E7681D455B9998DF3E55B7B87820#/metadata/32309ccc-431c-4f6e-a4c3-83a1cb6047e1
226	Geluidbelastingkaart hoofdspoorwegen Lden en Lnight (Richtlijn Omgevingslawaai) uit {Centrale Voorziening Geluidgegevens (CVGG)}	Annex III	Menselijke gezondheid en veiligheid	Ministerie van Infrastructuur en Waterstaat, Directie Duurzame Leefomgeving en Circulaire Economie		Aangemerkt	28/11/2022	Afgerond		https://nationaalgeoregister.nl/geonetwork/srv/dut/catalog.search;jsessionid=E945E7681D455B9998DF3E55B7B87820#/metadata/964c195e-6822-4153-a0e3-2ed5487b6281
227	Geluidbelastingkaart hoofd luchthavens Lden en Lnight (Richtlijn Omgevingslawaai) uit {Centrale Voorziening Geluidgegevens (CVGG)}	Annex III	Menselijke gezondheid en veiligheid	Ministerie van Infrastructuur en Waterstaat, Directie Duurzame Leefomgeving en Circulaire Economie		Aangemerkt	28/11/2022	Afgerond		https://nationaalgeoregister.nl/geonetwork/srv/dut/catalog.search;jsessionid=E945E7681D455B9998DF3E55B7B87820#/metadata/9f245229-80e9-4208-a244-04daf5fce8d3
228	Geluidbelastingkaart agglomeraties Lden en Lnight (Richtlijn Omgevingslawaai) uit {Centrale Voorziening Geluidgegevens (CVGG)}	Annex III	Menselijke gezondheid en veiligheid	Ministerie van Infrastructuur en Waterstaat, Directie Duurzame Leefomgeving en Circulaire Economie		Aangemerkt	28/11/2022	Afgerond		https://nationaalgeoregister.nl/geonetwork/srv/dut/catalog.search;jsessionid=E945E7681D455B9998DF3E55B7B87820#/metadata/7101ab98-ee72-452a-bbb6-85cd41090e5d
229	Aantal inwoners per gemeente, wijk, buurt 2022	Annex III	Spreiding van de bevolking — demografie	Centraal Bureau voor de Statistiek (CBS)		Aangemerkt	16/10/2023	Afgerond	https://nationaalgeoregister.nl/geonetwork/srv/dut/catalog.search;jsessionid=E945E7681D455B9998DF3E55B7B87820#/metadata/70c52fd8-6b2e-42aa-873a-742711903243	https://nationaalgeoregister.nl/geonetwork/srv/dut/catalog.search;jsessionid=E945E7681D455B9998DF3E55B7B87820#/metadata/76541ebb-a554-4540-a017-399d4bb4a860
230	Aantal inwoners per gemeente, wijk, buurt 2023	Annex III	Spreiding van de bevolking — demografie	Centraal Bureau voor de Statistiek (CBS)		Aangemerkt	16/10/2023	Afgerond		https://nationaalgeoregister.nl/geonetwork/srv/dut/catalog.search;jsessionid=E945E7681D455B9998DF3E55B7B87820#/metadata/76541ebb-a554-4540-a017-399d4bb4a860
